2005-01-02 00:00:00,11.0,
2005-01-09 00:00:00,17.0,
2005-01-16 00:00:00,9.0,
2005-01-23 00:00:00,33.0,
2005-01-30 00:00:00,43.0,
2005-02-06 00:00:00,67.0,
2005-02-13 00:00:00,83.0,
2005-02-20 00:00:00,33.0,
2005-02-27 00:00:00,67.0,
2005-03-06 00:00:00,8.44,
2005-03-13 00:00:00,8.44,
2005-03-20 00:00:00,8.44,
2005-03-27 00:00:00,17.9,
2005-04-03 00:00:00,17.9,
2005-04-10 00:00:00,3.82,
2005-04-17 00:00:00,3.574,
2005-04-24 00:00:00,3.574,
2005-05-01 00:00:00,1.0,
2005-05-08 00:00:00,17.9,
2005-05-15 00:00:00,0.7899999999999999,
2005-05-22 00:00:00,17.9,
2005-05-29 00:00:00,0.38709999999999994,
2005-06-05 00:00:00,0.27096999999999993,
2005-06-12 00:00:00,0.18967899999999993,
2005-06-19 00:00:00,0.13277529999999993,
2005-06-26 00:00:00,0.09294270999999994,
2005-07-03 00:00:00,0.09294270999999994,
2005-07-10 00:00:00,0.06505989699999995,
2005-07-17 00:00:00,0.04554192789999996,
2005-07-24 00:00:00,0.03187934952999997,
2005-07-31 00:00:00,0.022315544670999977,
2005-08-07 00:00:00,0.31562088126969995,
2005-08-14 00:00:00,0.22093461688878996,
2005-08-21 00:00:00,0.15465423182215296,
2005-08-28 00:00:00,0.10825796227550706,
2005-09-04 00:00:00,0.07578057359285494,
2005-09-11 00:00:00,0.35304640151499844,
2005-09-18 00:00:00,83.0,
2005-09-25 00:00:00,83.0,
2005-10-02 00:00:00,83.0,
2005-10-09 00:00:00,0.1876664410037511,
2005-10-16 00:00:00,0.13136650870262576,
2005-10-23 00:00:00,0.391956556091838,
2005-10-30 00:00:00,0.27436958926428656,
2005-11-06 00:00:00,0.1920587124850006,
2005-11-13 00:00:00,0.13444109873950041,
2005-11-20 00:00:00,0.09410876911765029,
2005-11-27 00:00:00,0.36587613838235516,
2005-12-04 00:00:00,0.2561132968676486,
2005-12-11 00:00:00,0.17927930780735402,
2005-12-18 00:00:00,0.1254955154651478,
2005-12-25 00:00:00,0.08784686082560346,
2006-01-01 00:00:00,0.06149280257792242,
2006-01-08 00:00:00,0.04304496180454569,
2006-01-15 00:00:00,0.03013147326318198,
2006-01-22 00:00:00,0.021092031284227385,
2006-01-29 00:00:00,0.31476442189895915,
2006-02-05 00:00:00,0.31476442189895915,
2006-02-12 00:00:00,0.31476442189895915,
2006-02-19 00:00:00,0.31476442189895915,
2006-02-26 00:00:00,4.087530525999999,
2006-03-05 00:00:00,4.087530525999999,
2006-03-12 00:00:00,96.0,
2006-03-19 00:00:00,96.0,
2006-03-26 00:00:00,57.599999999999994,
2006-04-02 00:00:00,33.599999999999994,
2006-04-09 00:00:00,18.281,
2006-04-16 00:00:00,9.207999999999998,
2006-04-23 00:00:00,4.6612713681999995,
2006-04-30 00:00:00,4.46288995774,
2006-05-07 00:00:00,4.46288995774,
2006-05-14 00:00:00,0.36423456673048993,
2006-05-21 00:00:00,0.25496419671134296,
2006-05-28 00:00:00,4.46288995774,
2006-06-04 00:00:00,0.12493245638855804,
2006-06-11 00:00:00,0.08745271947199063,
2006-06-18 00:00:00,0.061216903630393435,
2006-06-25 00:00:00,0.0428518325412754,
2006-07-02 00:00:00,0.029996282778892776,
2006-07-09 00:00:00,4.46288995774,
2006-07-16 00:00:00,57.599999999999994,
2006-07-23 00:00:00,0.01028872499316022,
2006-07-30 00:00:00,0.0072021074952121535,
2006-08-06 00:00:00,0.005041475246648507,
2006-08-13 00:00:00,0.0035290326726539548,
2006-08-20 00:00:00,0.0024703228708577683,
2006-08-27 00:00:00,0.0017292260096004378,
2006-09-03 00:00:00,0.0012104582067203064,
2006-09-10 00:00:00,0.0008473207447042145,
2006-09-17 00:00:00,0.30059312452129294,
2006-09-24 00:00:00,0.21041518716490504,
2006-10-01 00:00:00,57.599999999999994,
2006-10-08 00:00:00,0.4031034417108035,
2006-10-15 00:00:00,0.2821724091975624,
2006-10-22 00:00:00,0.19752068643829368,
2006-10-29 00:00:00,0.13826448050680556,
2006-11-05 00:00:00,0.09678513635476389,
2006-11-12 00:00:00,0.06774959544833473,
2006-11-19 00:00:00,0.047424716813834304,
2006-11-26 00:00:00,0.03319730176968401,
2006-12-03 00:00:00,0.023238111238778805,
2006-12-10 00:00:00,0.01626667786714516,
2006-12-17 00:00:00,0.011386674507001612,
2006-12-24 00:00:00,0.3079706721549011,
2007-01-07 00:00:00,0.5155794705084308,
2007-01-14 00:00:00,0.5155794705084308,
2007-01-21 00:00:00,0.5155794705084308,
2007-01-28 00:00:00,17.896699999999996,
2007-02-04 00:00:00,96.0,
2007-02-11 00:00:00,91.0,
2007-02-18 00:00:00,91.0,
2007-02-25 00:00:00,210.0,
2007-03-04 00:00:00,315.0,
2007-03-11 00:00:00,173.0,
2007-03-18 00:00:00,89.8,
2007-03-25 00:00:00,89.85999999999999,
2007-04-01 00:00:00,22.699999999999996,
2007-04-08 00:00:00,9.7456,
2007-04-15 00:00:00,4.37477125550482,
2007-04-22 00:00:00,0.5155794705084308,
2007-04-29 00:00:00,0.6609056293559015,
2007-05-06 00:00:00,0.462633940549131,
2007-05-13 00:00:00,0.32384375838439167,
2007-05-20 00:00:00,22.699999999999996,
2007-05-27 00:00:00,0.3686834416083519,
2007-06-03 00:00:00,3.662339878853374,
2007-06-10 00:00:00,0.18065488638809243,
2007-06-17 00:00:00,0.4264584204716647,
2007-06-24 00:00:00,17.896699999999996,
2007-07-01 00:00:00,0.20896462603111568,
2007-07-08 00:00:00,0.14627523822178096,
2007-07-15 00:00:00,0.10239266675524666,
2007-07-22 00:00:00,0.07167486672867265,
2007-07-29 00:00:00,0.05017240671007085,
2007-08-05 00:00:00,0.03512068469704959,
2007-08-12 00:00:00,0.024584479287934714,
2007-08-19 00:00:00,0.0172091355015543,
2007-08-26 00:00:00,0.012046394851088008,
2007-09-02 00:00:00,0.008432476395761605,
2007-09-09 00:00:00,0.005902733477033123,
2007-09-16 00:00:00,0.004131913433923186,
2007-09-23 00:00:00,0.00289233940374623,
2007-09-30 00:00:00,3.662339878853374,
2007-10-07 00:00:00,0.0014172463078356524,
2007-10-14 00:00:00,0.0009920724154849566,
2007-10-21 00:00:00,0.30069445069083944,
2007-10-28 00:00:00,0.2104861154835876,
2007-11-04 00:00:00,0.1473402808385113,
2007-11-11 00:00:00,0.10313819658695791,
2007-11-18 00:00:00,0.07219673761087053,
2007-11-25 00:00:00,3.662339878853374,
2007-12-02 00:00:00,0.5453764014293265,
2007-12-09 00:00:00,0.5453764014293265,
2007-12-16 00:00:00,0.6817634810005285,
2007-12-23 00:00:00,0.6817634810005285,
2007-12-30 00:00:00,2.814546540638153,
2008-01-06 00:00:00,3.470182578446707,
2008-01-13 00:00:00,3.470182578446707,
2008-01-20 00:00:00,96.0,
2008-01-27 00:00:00,63.0,
2008-02-03 00:00:00,80.1,
2008-02-10 00:00:00,95.39999999999999,
2008-02-17 00:00:00,94.97999999999999,
2008-02-24 00:00:00,76.0,
2008-03-02 00:00:00,54.0,
2008-03-09 00:00:00,57.71999999999999,
2008-03-16 00:00:00,0.4772344367003699,
2008-03-23 00:00:00,3.3291278049126944,
2008-03-30 00:00:00,0.4772344367003699,
2008-04-06 00:00:00,13.77,
2008-04-13 00:00:00,0.4772344367003699,
2008-04-20 00:00:00,3.2512726244072203,
2008-04-27 00:00:00,0.4772344367003699,
2008-05-04 00:00:00,0.3340641056902589,
2008-05-11 00:00:00,14.139,
2008-05-18 00:00:00,0.16369141178822683,
2008-05-25 00:00:00,0.11458398825175876,
2008-06-01 00:00:00,0.08020879177623114,
2008-06-08 00:00:00,0.05614615424336179,
2008-06-15 00:00:00,80.1,
2008-06-22 00:00:00,0.027511615579247275,
2008-06-29 00:00:00,0.01925813090547309,
2008-07-06 00:00:00,0.013480691633831162,
2008-07-13 00:00:00,0.009436484143681813,
2008-07-20 00:00:00,0.006605538900577269,
2008-07-27 00:00:00,0.004623877230404088,
2008-08-03 00:00:00,14.139,
2008-08-10 00:00:00,0.002265699842898003,
2008-08-17 00:00:00,0.0015859898900286021,
2008-08-24 00:00:00,34.019999999999996,
2008-08-31 00:00:00,0.0007771350461140149,
2008-09-07 00:00:00,0.0005439945322798104,
2008-09-14 00:00:00,0.00038079617259586726,
2008-09-21 00:00:00,0.00026655732081710704,
2008-09-28 00:00:00,0.00018659012457197493,
2008-10-05 00:00:00,0.00013061308720038243,
2008-10-12 00:00:00,9.142916104026769e-05,
2008-10-19 00:00:00,6.400041272818738e-05,
2008-10-26 00:00:00,4.4800288909731165e-05,
2008-11-02 00:00:00,3.1360202236811815e-05,
2008-11-09 00:00:00,2.195214156576827e-05,
2008-11-16 00:00:00,1.5366499096037788e-05,
2008-11-23 00:00:00,22.789999999999996,
2008-11-30 00:00:00,1.075654936722645e-05,
2008-12-07 00:00:00,4.443123585959538,
2008-12-14 00:00:00,1.075654936722645e-05,
2008-12-21 00:00:00,89.85999999999999,
2008-12-28 00:00:00,94.97999999999999,
2009-01-04 00:00:00,1.075654936722645e-05,
2009-01-11 00:00:00,1.075654936722645e-05,
2009-01-18 00:00:00,1.075654936722645e-05,
2009-01-25 00:00:00,261.0,
2009-02-01 00:00:00,168.0,
2009-02-08 00:00:00,62.69999999999999,
2009-02-15 00:00:00,54.599999999999994,
2009-02-22 00:00:00,62.789999999999985,
2009-03-01 00:00:00,62.789999999999985,
2009-03-08 00:00:00,62.789999999999985,
2009-03-15 00:00:00,62.789999999999985,
2009-03-22 00:00:00,14.248109999999997,
2009-03-29 00:00:00,1.075654936722645e-05,
2009-04-05 00:00:00,0.30000752958455706,
2009-04-12 00:00:00,5.237130557120173,
2009-04-19 00:00:00,5.237130557120173,
2009-04-26 00:00:00,0.14700368949643294,
2009-05-03 00:00:00,8.92192,
2009-05-10 00:00:00,0.40290258264750306,
2009-05-17 00:00:00,0.2820318078532521,
2009-05-24 00:00:00,0.4974222654972764,
2009-05-31 00:00:00,0.6481955858480934,
2009-06-07 00:00:00,0.6481955858480934,
2009-06-14 00:00:00,0.6481955858480934,
2009-06-21 00:00:00,181.0,
2009-06-28 00:00:00,4.060035046764553,
2009-07-05 00:00:00,4.060035046764553,
2009-07-12 00:00:00,34.3998,
2009-07-19 00:00:00,53.873999999999995,
2009-07-26 00:00:00,94.98599999999999,
2009-08-02 00:00:00,4.060035046764553,
2009-08-09 00:00:00,94.98599999999999,
2009-08-16 00:00:00,4.060035046764553,
2009-08-23 00:00:00,4.060035046764553,
2009-08-30 00:00:00,58.103999999999985,
2009-09-06 00:00:00,51.0,
2009-09-13 00:00:00,63.22709999999998,
2009-09-20 00:00:00,63.22709999999998,
2009-09-27 00:00:00,43.9,
2009-10-04 00:00:00,63.22709999999998,
2009-10-11 00:00:00,40.209999999999994,
2009-10-18 00:00:00,261.0,
2009-10-25 00:00:00,13.573676999999996,
2009-11-01 00:00:00,4.060035046764553,
2009-11-08 00:00:00,0.6481955858480934,
2009-11-15 00:00:00,4.060035046764553,
2009-11-22 00:00:00,0.6481955858480934,
2009-11-29 00:00:00,509.0,
2009-12-06 00:00:00,382.0,
2009-12-13 00:00:00,34.57986,
2009-12-20 00:00:00,110.0,
2009-12-27 00:00:00,34.57986,
2010-01-03 00:00:00,19.179382999999998,
2010-01-03 00:00:00,67.0,
2010-01-10 00:00:00,14.001573899999997,
2010-01-17 00:00:00,13.701101729999998,
2010-01-24 00:00:00,9.6817408,
2010-01-31 00:00:00,67.0,
2010-02-07 00:00:00,4.839417172914631,
2010-02-14 00:00:00,67.0,
2010-02-21 00:00:00,3.601314414728169,
2010-02-28 00:00:00,3.7209200903097184,
2010-03-07 00:00:00,3.204644063216803,
2010-03-14 00:00:00,3.143250844251762,
2010-03-21 00:00:00,0.4537369100936654,
2010-03-28 00:00:00,0.4537369100936654,
2010-04-04 00:00:00,2.770192913683363,
2010-04-11 00:00:00,0.3176158370655658,
2010-04-18 00:00:00,2.770192913683363,
2010-04-25 00:00:00,2.770192913683363,
2010-05-02 00:00:00,0.765942232113489,
2010-05-09 00:00:00,0.5361595624794423,
2010-05-16 00:00:00,0.3753116937356096,
2010-05-23 00:00:00,0.26271818561492666,
2010-05-30 00:00:00,0.18390272993044865,
2010-06-06 00:00:00,0.12873191095131406,
2010-06-13 00:00:00,0.09011233766591983,
2010-06-20 00:00:00,0.06307863636614389,
2010-06-27 00:00:00,0.044155045456300716,
2010-07-04 00:00:00,0.0309085318194105,
2010-07-11 00:00:00,0.3216359722735873,
2010-07-18 00:00:00,0.2251451805915111,
2010-07-25 00:00:00,0.15760162641405775,
2010-08-01 00:00:00,0.11032113848984042,
2010-08-08 00:00:00,54.511799999999994,
2010-08-15 00:00:00,0.054057357860021804,
2010-08-22 00:00:00,0.03784015050201526,
2010-08-29 00:00:00,0.02648810535141068,
2010-09-05 00:00:00,0.31854167374598746,
2010-09-12 00:00:00,0.22297917162219122,
2010-09-19 00:00:00,0.15608542013553384,
2010-09-26 00:00:00,0.4092597940948737,
2010-10-03 00:00:00,0.28648185586641156,
2010-10-10 00:00:00,0.20053729910648807,
2010-10-17 00:00:00,0.14037610937454165,
2010-10-24 00:00:00,0.09826327656217915,
2010-10-31 00:00:00,0.06878429359352539,
2010-11-07 00:00:00,13.701101729999998,
2010-11-14 00:00:00,0.3481490055154678,
2010-11-21 00:00:00,13.701101729999998,
2010-11-28 00:00:00,0.5437043038608275,
2010-12-05 00:00:00,19.179382999999998,
2010-12-12 00:00:00,19.179382999999998,
2010-12-19 00:00:00,459.0,
2010-12-26 00:00:00,9.934052991999998,
2011-01-02 00:00:00,0.5437043038608275,
2011-01-09 00:00:00,0.5437043038608275,
2011-01-16 00:00:00,0.5437043038608275,
2011-01-23 00:00:00,324.0,
2011-01-30 00:00:00,387.0,
2011-02-06 00:00:00,314.1,
2011-02-13 00:00:00,314.1,
2011-02-20 00:00:00,314.1,
2011-02-27 00:00:00,800.0,
2011-03-06 00:00:00,354.0,
2011-03-13 00:00:00,154.0,
2011-03-20 00:00:00,80.36999999999999,
2011-03-27 00:00:00,9.934052991999998,
2011-04-03 00:00:00,9.053837094399999,
2011-04-10 00:00:00,0.5437043038608275,
2011-04-17 00:00:00,0.5437043038608275,
2011-04-24 00:00:00,0.3805930127025792,
2011-05-01 00:00:00,0.5664151088918055,
2011-05-08 00:00:00,0.6964905762242638,
2011-05-15 00:00:00,0.48754340335698465,
2011-05-22 00:00:00,0.3412803823498892,
2011-05-29 00:00:00,0.5388962676449225,
2011-06-05 00:00:00,0.37722738735144573,
2011-06-12 00:00:00,0.264059171146012,
2011-06-19 00:00:00,0.1848414198022084,
2011-06-26 00:00:00,3.4659233185753746,
2011-07-03 00:00:00,0.0905722957030821,
2011-07-10 00:00:00,0.06340060699215747,
2011-07-17 00:00:00,0.044380424894510224,
2011-07-24 00:00:00,3.4659233185753746,
2011-07-31 00:00:00,0.021746408198310006,
2011-08-07 00:00:00,0.015222485738817003,
2011-08-14 00:00:00,0.010655740017171901,
2011-08-21 00:00:00,0.0074590180120203305,
2011-08-28 00:00:00,0.005221312608414231,
2011-09-04 00:00:00,0.0036549188258899615,
2011-09-11 00:00:00,0.002558443178122973,
2011-09-18 00:00:00,0.001790910224686081,
2011-09-25 00:00:00,0.0012536371572802567,
2011-10-02 00:00:00,0.0008775460100961796,
2011-10-09 00:00:00,0.0006142822070673257,
2011-10-16 00:00:00,0.00042999754494712795,
2011-10-23 00:00:00,0.00030099828146298955,
2011-10-30 00:00:00,0.00021069879702409266,
2011-11-06 00:00:00,0.00014748915791686486,
2011-11-13 00:00:00,0.3001032424105418,
2011-11-20 00:00:00,3.4659233185753746,
2011-11-27 00:00:00,8.737685966079999,
2011-12-04 00:00:00,8.737685966079999,
2011-12-11 00:00:00,0.5100722696873793,
2011-12-18 00:00:00,3.306811698271353,
2011-12-25 00:00:00,0.5100722696873793,
2012-01-01 00:00:00,18.525568099999997,
2012-01-08 00:00:00,13.190771210999998,
2012-01-15 00:00:00,227.59999999999997,
2012-01-22 00:00:00,3.8252364125070732,
2012-01-29 00:00:00,18.367897669999998,
2012-02-05 00:00:00,18.367897669999998,
2012-02-12 00:00:00,18.367897669999998,
2012-02-19 00:00:00,44.529999999999994,
2012-02-26 00:00:00,48.2733,
2012-03-04 00:00:00,63.531278999999984,
2012-03-11 00:00:00,0.5100722696873793,
2012-03-18 00:00:00,0.5100722696873793,
2012-03-25 00:00:00,3.577665488754951,
2012-04-01 00:00:00,0.5100722696873793,
2012-04-08 00:00:00,0.5100722696873793,
2012-04-15 00:00:00,0.35705058878116547,
2012-04-22 00:00:00,0.35705058878116547,
2012-04-29 00:00:00,0.5499354121468158,
2012-05-06 00:00:00,8.691466123379199,
2012-05-13 00:00:00,0.26946835195193974,
2012-05-20 00:00:00,0.18862784636635782,
2012-05-27 00:00:00,3.1043658421284657,
2012-06-03 00:00:00,0.3924276447195153,
2012-06-10 00:00:00,0.2746993513036607,
2012-06-17 00:00:00,0.49228954591256247,
2012-06-24 00:00:00,0.3446026821387937,
2012-07-01 00:00:00,8.691466123379199,
2012-07-08 00:00:00,0.46885531424800886,
2012-07-15 00:00:00,0.32819871997360617,
2012-07-22 00:00:00,3.1043658421284657,
2012-07-29 00:00:00,0.160817372787067,
2012-08-05 00:00:00,3.1043658421284657,
2012-08-12 00:00:00,0.37880051266566284,
2012-08-19 00:00:00,12.793477893389998,
2012-08-26 00:00:00,0.3956122512061747,
2012-09-02 00:00:00,0.2769285758443223,
2012-09-09 00:00:00,8.691466123379199,
2012-09-16 00:00:00,0.1356950021637179,
2012-09-23 00:00:00,0.09498650151460253,
2012-09-30 00:00:00,0.06649055106022177,
2012-10-07 00:00:00,3.1043658421284657,
2012-10-14 00:00:00,0.03258037001950866,
2012-10-21 00:00:00,0.02280625901365606,
2012-10-28 00:00:00,0.31596438130955923,
2012-11-04 00:00:00,0.5211750669166915,
2012-11-11 00:00:00,0.364822546841684,
2012-11-18 00:00:00,3.1043658421284657,
2012-11-25 00:00:00,0.25537578278917883,
2012-12-02 00:00:00,30.0,
2012-12-09 00:00:00,17.957528368999995,
2012-12-16 00:00:00,0.25537578278917883,
2012-12-23 00:00:00,354.0,
2013-01-06 00:00:00,354.0,
2013-01-13 00:00:00,48.2733,
2013-01-20 00:00:00,214.0,
2013-01-27 00:00:00,214.0,
2013-02-03 00:00:00,227.59999999999997,
2013-02-10 00:00:00,321.0,
2013-02-17 00:00:00,348.0,
2013-02-24 00:00:00,419.0,
2013-03-03 00:00:00,227.59999999999997,
2013-03-10 00:00:00,278.0,
2013-03-17 00:00:00,48.2733,
2013-03-24 00:00:00,380.0,
2013-03-31 00:00:00,22.852999999999994,
2013-04-07 00:00:00,22.852999999999994,
2013-04-14 00:00:00,8.18402628636544,
2013-04-21 00:00:00,2.8411392626429484,
2013-04-28 00:00:00,17.970269858299996,
2013-05-05 00:00:00,17.970269858299996,
2013-05-12 00:00:00,0.4787630479524252,
2013-05-19 00:00:00,0.6351341335666976,
2013-05-26 00:00:00,0.44459389349668826,
2013-06-02 00:00:00,0.6112157254476818,
2013-06-09 00:00:00,0.6112157254476818,
2013-06-16 00:00:00,0.7278510078133772,
2013-06-23 00:00:00,2.645510767086531,
2013-06-30 00:00:00,0.6566469938285547,
2013-07-07 00:00:00,0.4596528956799883,
2013-07-14 00:00:00,0.3217570269759918,
2013-07-21 00:00:00,0.5252299188831943,
2013-07-28 00:00:00,0.36766094321823595,
2013-08-04 00:00:00,0.5573626602527652,
2013-08-11 00:00:00,0.3901538621769356,
2013-08-18 00:00:00,0.2731077035238549,
2013-08-25 00:00:00,0.1911753924666984,
2013-09-01 00:00:00,0.13382277472668888,
2013-09-08 00:00:00,0.09367594230868222,
2013-09-15 00:00:00,0.06557315961607754,
2013-09-22 00:00:00,0.04590121173125428,
2013-09-29 00:00:00,0.03213084821187799,
2013-10-06 00:00:00,0.02249159374831459,
2013-10-13 00:00:00,0.3157441156238202,
2013-10-20 00:00:00,0.22102088093667413,
2013-10-27 00:00:00,8.428818400455807,
2013-11-03 00:00:00,0.15471461665567188,
2013-11-10 00:00:00,2.7518575369605713,
2013-11-17 00:00:00,0.3758101621612792,
2013-11-24 00:00:00,0.2630671135128954,
2013-12-01 00:00:00,2.7518575369605713,
2013-12-08 00:00:00,0.48414697945902674,
2013-12-15 00:00:00,0.3389028856213187,
2013-12-22 00:00:00,0.5372320199349231,
2013-12-29 00:00:00,44.97099999999999,
2014-01-05 00:00:00,44.97099999999999,
2014-01-12 00:00:00,44.97099999999999,
2014-01-19 00:00:00,2.8263002758723994,
2014-01-26 00:00:00,8.090084711356342,
2014-02-02 00:00:00,22.852999999999994,
2014-02-09 00:00:00,47.89131,
2014-02-16 00:00:00,67.0,
2014-02-23 00:00:00,67.9,
2014-03-02 00:00:00,12.855434525372997,
2014-03-09 00:00:00,12.855434525372997,
2014-03-16 00:00:00,12.855434525372997,
2014-03-23 00:00:00,39.227520999999996,
2014-03-30 00:00:00,0.6760624139544461,
2014-04-06 00:00:00,0.6760624139544461,
2014-04-13 00:00:00,0.6760624139544461,
2014-04-20 00:00:00,0.6760624139544461,
2014-04-27 00:00:00,0.6760624139544461,
2014-05-04 00:00:00,0.6760624139544461,
2014-05-11 00:00:00,3.140996287365874,
2014-05-18 00:00:00,0.6760624139544461,
2014-05-25 00:00:00,0.47324368976811226,
2014-06-01 00:00:00,0.6312705828376786,
2014-06-08 00:00:00,3.0986974011561115,
2014-06-15 00:00:00,8.090084711356342,
2014-06-22 00:00:00,3.0986974011561115,
2014-06-29 00:00:00,0.1515680669393266,
2014-07-06 00:00:00,0.10609764685752861,
2014-07-13 00:00:00,0.07426835280027003,
2014-07-20 00:00:00,0.35198784696018903,
2014-07-27 00:00:00,0.2463914928721323,
2014-08-03 00:00:00,0.1724740450104926,
2014-08-10 00:00:00,0.12073183150734482,
2014-08-17 00:00:00,0.3845122820551414,
2014-08-24 00:00:00,0.26915859743859893,
2014-08-31 00:00:00,0.18841101820701925,
2014-09-07 00:00:00,0.43188771274491344,
2014-09-14 00:00:00,0.43188771274491344,
2014-09-21 00:00:00,2.7690881808092778,
2014-09-28 00:00:00,2.7690881808092778,
2014-10-05 00:00:00,0.1481374854715053,
2014-10-12 00:00:00,0.4036962398300537,
2014-10-19 00:00:00,0.5825873678810376,
2014-10-26 00:00:00,0.4078111575167263,
2014-11-02 00:00:00,0.2854678102617084,
2014-11-09 00:00:00,0.4998274671831959,
2014-11-16 00:00:00,0.4998274671831959,
2014-11-23 00:00:00,2.5868532085965454,
2014-11-30 00:00:00,47.89131,
2014-12-07 00:00:00,2.5868532085965454,
2014-12-14 00:00:00,2.5868532085965454,
2014-12-21 00:00:00,14.159162917432768,
2014-12-28 00:00:00,7.7630592979494395,
2015-01-04 00:00:00,35.071024386,
2015-01-11 00:00:00,18.705432230566995,
2015-01-18 00:00:00,380.0,
2015-01-25 00:00:00,380.0,
2015-02-01 00:00:00,227.59999999999997,
2015-02-08 00:00:00,278.0,
2015-02-15 00:00:00,227.59999999999997,
2015-02-22 00:00:00,464.0,
2015-03-01 00:00:00,422.0,
2015-03-08 00:00:00,121.0,
2015-03-15 00:00:00,413.0,
2015-03-22 00:00:00,18.705432230566995,
2015-03-29 00:00:00,89.30199999999999,
2015-04-05 00:00:00,89.30199999999999,
2015-04-12 00:00:00,14.711414042202936,
2015-04-19 00:00:00,67.63,
2015-04-26 00:00:00,44.97099999999999,
2015-05-03 00:00:00,0.6498792270282371,
2015-05-10 00:00:00,3.6107972460175812,
2015-05-17 00:00:00,0.6498792270282371,
2015-05-24 00:00:00,0.4549154589197659,
2015-05-31 00:00:00,0.4549154589197659,
2015-06-07 00:00:00,0.3184408212438361,
2015-06-14 00:00:00,0.5229085748706852,
2015-06-21 00:00:00,3.127558072212307,
2015-06-28 00:00:00,0.25622520168663576,
2015-07-05 00:00:00,0.179357641180645,
2015-07-12 00:00:00,0.1255503488264515,
2015-07-19 00:00:00,0.08788524417851604,
2015-07-26 00:00:00,0.36151967092496123,
2015-08-02 00:00:00,0.25306376964747285,
2015-08-09 00:00:00,0.17714463875323097,
2015-08-16 00:00:00,0.12400124712726167,
2015-08-23 00:00:00,0.38680087298908317,
2015-08-30 00:00:00,0.2707606110923582,
2015-09-06 00:00:00,0.18953242776465073,
2015-09-13 00:00:00,0.4326726994352555,
2015-09-20 00:00:00,0.6028708896046788,
2015-09-27 00:00:00,0.42200962272327514,
2015-10-04 00:00:00,0.5954067359062926,
2015-10-11 00:00:00,0.7167847151344048,
2015-10-18 00:00:00,0.7167847151344048,
2015-10-25 00:00:00,15.097989829542055,
2015-11-01 00:00:00,0.7167847151344048,
2015-11-08 00:00:00,7.373899055995224,
2015-11-15 00:00:00,0.8017493005940832,
2015-11-22 00:00:00,2.5707266931381745,
2015-11-29 00:00:00,2.399508685196722,
2015-12-06 00:00:00,3.1796560796377054,
2015-12-13 00:00:00,4.025759255746394,
2015-12-20 00:00:00,4.025759255746394,
2015-12-27 00:00:00,4.025759255746394,
2016-01-03 00:00:00,15.068592880679438,
2016-01-03 00:00:00,187.0,
2016-01-10 00:00:00,100.1,
2016-01-17 00:00:00,100.1,
2016-01-24 00:00:00,100.1,
2016-01-31 00:00:00,324.0,
2016-02-07 00:00:00,800.0,
2016-02-14 00:00:00,305.0,
2016-02-21 00:00:00,19.393802561396896,
2016-02-28 00:00:00,324.0,
2016-03-06 00:00:00,324.0,
2016-03-13 00:00:00,47.923916999999996,
2016-03-20 00:00:00,47.923916999999996,
2016-03-27 00:00:00,305.0,
2016-04-03 00:00:00,58.860959999999984,
2016-04-10 00:00:00,4.025759255746394,
2016-04-17 00:00:00,4.025759255746394,
2016-04-24 00:00:00,7.783210537437659,
2016-05-01 00:00:00,4.025759255746394,
2016-05-08 00:00:00,0.6928571572911006,
2016-05-15 00:00:00,8.44824737620636,
2016-05-22 00:00:00,0.4850000101037704,
2016-05-29 00:00:00,0.3395000070726393,
2016-06-05 00:00:00,0.23765000495084748,
2016-06-12 00:00:00,0.16635500346559323,
2016-06-19 00:00:00,0.11644850242591526,
2016-06-26 00:00:00,0.3815139516981407,
2016-07-03 00:00:00,0.5670597661886985,
2016-07-10 00:00:00,0.3969418363320889,
2016-07-17 00:00:00,0.3969418363320889,
2016-07-24 00:00:00,0.2778592854324622,
2016-07-31 00:00:00,0.19450149980272352,
2016-08-07 00:00:00,3.592622035315733,
2016-08-14 00:00:00,0.09530573490333452,
2016-08-21 00:00:00,3.592622035315733,
2016-08-28 00:00:00,0.04669981010263391,
2016-09-04 00:00:00,0.03268986707184374,
2016-09-11 00:00:00,0.022882906950290615,
2016-09-18 00:00:00,0.01601803486520343,
2016-09-25 00:00:00,3.592622035315733,
2016-10-02 00:00:00,0.30784883708394967,
2016-10-09 00:00:00,0.5154941859587647,
2016-10-16 00:00:00,0.3608459301711353,
2016-10-23 00:00:00,0.3608459301711353,
2016-10-30 00:00:00,0.5525921511197947,
2016-11-06 00:00:00,47.923916999999996,
2016-11-13 00:00:00,14.448015016475606,
2016-11-20 00:00:00,8.729641214341115,
2016-11-27 00:00:00,18.975661792977824,
2016-12-04 00:00:00,197.0,
2016-12-11 00:00:00,23.197099999999992,
2016-12-18 00:00:00,38.81103970299999,
2016-12-25 00:00:00,89.02797999999999,
2017-01-01 00:00:00,324.0,
2017-01-08 00:00:00,570.0,
2017-01-15 00:00:00,570.0,
2017-01-22 00:00:00,570.0,
2017-01-29 00:00:00,573.0,
2017-02-05 00:00:00,398.0,
2017-02-12 00:00:00,456.0,
2017-02-19 00:00:00,97.0,
2017-02-26 00:00:00,197.59999999999997,
2017-03-05 00:00:00,14.448015016475606,
2017-03-12 00:00:00,89.02797999999999,
2017-03-19 00:00:00,44.97099999999999,
2017-03-26 00:00:00,0.5525921511197947,
2017-04-02 00:00:00,3.7762693581132964,
2017-04-09 00:00:00,0.5525921511197947,
2017-04-16 00:00:00,0.6868145057838562,
2017-04-23 00:00:00,0.6868145057838562,
2017-04-30 00:00:00,0.7807701540486993,
2017-05-07 00:00:00,8.81074885003878,
2017-05-14 00:00:00,3.5032603898328603,
2017-05-21 00:00:00,0.8925773754838624,
2017-05-28 00:00:00,3.5032603898328603,
2017-06-04 00:00:00,0.9248041628387036,
2017-06-11 00:00:00,0.9473629139870925,
2017-06-18 00:00:00,0.9631540397909646,
2017-06-25 00:00:00,0.6742078278536752,
2017-07-02 00:00:00,0.4719454794975726,
2017-07-09 00:00:00,0.3303618356483008,
2017-07-16 00:00:00,0.23125328495381053,
2017-07-23 00:00:00,0.16187729946766735,
2017-07-30 00:00:00,0.11331410962736714,
2017-08-06 00:00:00,0.079319876739157,
2017-08-13 00:00:00,3.052282272883002,
2017-08-20 00:00:00,0.055523913717409897,
2017-08-27 00:00:00,0.33886673960218694,
2017-09-03 00:00:00,0.5372067177215308,
2017-09-10 00:00:00,0.37604470240507154,
2017-09-17 00:00:00,0.37604470240507154,
2017-09-24 00:00:00,2.3609328195988692,
2017-10-01 00:00:00,0.56323129168355,
2017-10-08 00:00:00,2.5526529737192085,
2017-10-15 00:00:00,2.386857081603446,
2017-10-22 00:00:00,2.386857081603446,
2017-10-29 00:00:00,2.386857081603446,
2017-11-05 00:00:00,0.7859833329249395,
2017-11-12 00:00:00,0.8501883330474576,
2017-11-19 00:00:00,0.8951318331332203,
2017-11-26 00:00:00,38.26772779209999,
2017-12-03 00:00:00,58.30267199999999,
2017-12-10 00:00:00,13.799527358073046,
2017-12-17 00:00:00,58.30267199999999,
2017-12-24 00:00:00,283.0,
