timestamp,Influenza,count,Windrichtung,Windgeschwindigkeit,Temperatur,Luftfeuchte,Total,Barnim County,Dahme-Spreewald County,Havelland County,Markisch-Oderland County,Oberhavel County,Oder-Spree County,City of Potsdam,Potsdam-Mittelmark County,Teltow-Flaming County
datetime, float, float, float, float, float, float,float ,float ,float ,float ,float ,float ,float ,float ,float
T, , , , , , , ,,,,,,,,,
2008-01-06,6.8,1.0,144.66666666666666,3.4333333333333322,-1.8,89.93333333333334,0.0,0.0,0.0,0.0,0.0,0.0,0.0,0.0,0.0,0.0
2008-01-13,1.8,2.3333333333333335,174.36666666666667,2.966666666666667,4.833333333333333,85.93333333333335,7.0,0.0,0.0,0.0,0.0,0.0,0.0,0.0,7.0,0.0
2008-01-20,1.6,13.333333333333334,225.20000000000002,3.366666666666667,8.266666666666666,98.16666666666667,0.0,0.0,0.0,0.0,0.0,0.0,0.0,0.0,0.0,0.0
2008-01-27,1.6,40.333333333333336,269.63333333333327,5.000000000000001,6.933333333333333,85.23333333333333,11.0,1.0,0.0,0.0,1.0,1.0,0.0,2.0,2.0,0.0
2008-02-03,3.4,59.666666666666664,208.0666666666666,3.766666666666667,3.4999999999999987,82.49999999999999,38.0,5.0,4.0,2.0,1.0,2.0,0.0,10.0,5.0,3.0
2008-02-10,5.2,74.0,201.46666666666658,1.4000000000000012,4.83333333333333,87.79999999999997,36.0,1.0,3.0,4.0,1.0,3.0,0.0,6.0,7.0,2.0
2008-02-17,7.0,78.33333333333333,86.7666666666666,2.2333333333333347,-2.066666666666668,72.19999999999997,40.0,3.0,4.0,8.0,1.0,4.0,0.0,3.0,5.0,4.0
2008-02-24,7.0,88.66666666666667,256.16666666666663,4.2,8.399999999999997,81.19999999999999,71.0,7.0,3.0,7.0,5.0,0.0,0.0,4.0,21.0,8.0
2008-03-02,8.8,88.0,246.73333333333326,4.566666666666667,5.533333333333331,91.26666666666671,42.0,5.0,2.0,5.0,1.0,1.0,0.0,1.0,6.0,5.0
2008-03-09,10.6,74.66666666666667,205.23333333333332,2.0666666666666678,6.666666666666663,88.1333333333334,41.0,0.0,3.0,0.0,0.0,0.0,0.0,2.0,17.0,6.0
2008-03-16,8.8,56.666666666666664,178.8333333333333,2.4666666666666672,5.099999999999996,88.66666666666676,35.0,0.0,2.0,1.0,0.0,0.0,0.0,2.0,15.0,9.0
2008-03-23,7.0,39.0,278.7,2.566666666666667,1.133333333333329,94.66666666666676,30.0,2.0,2.0,0.0,0.0,2.0,0.0,0.0,15.0,4.0
2008-03-30,5.4,22.0,0.0,0.0,0.0,0.0,9.0,0.0,0.0,0.0,0.0,0.0,0.0,1.0,1.0,0.0
2008-04-06,3.6,12.666666666666666,247.56666666666663,1.8666666666666674,5.233333333333328,92.03333333333343,3.0,0.0,0.0,0.0,0.0,0.0,0.0,0.0,0.0,1.0
2008-04-13,0.0,9.333333333333334,193.3666666666666,2.3000000000000003,7.399999999999995,84.96666666666678,4.0,0.0,0.0,0.0,0.0,0.0,0.0,0.0,0.0,0.0
2008-04-20,0.0,9.0,47.79999999999993,2.433333333333334,6.433333333333326,84.70000000000014,3.0,0.0,1.0,0.0,0.0,0.0,0.0,0.0,1.0,0.0
2008-04-27,4.2,6.333333333333333,229.53333333333327,2.066666666666668,11.633333333333324,69.06666666666683,2.0,1.0,0.0,0.0,0.0,0.0,0.0,0.0,1.0,0.0
2008-05-04,8.2,7.0,219.33333333333326,2.0333333333333345,11.599999999999994,71.06666666666683,0.0,0.0,0.0,0.0,0.0,0.0,0.0,0.0,0.0,0.0
2008-05-11,8.2,6.333333333333333,75.79999999999995,2.000000000000001,16.366666666666656,53.43333333333351,1.0,0.0,0.0,0.0,0.0,0.0,0.0,0.0,0.0,0.0
2008-05-18,8.2,5.0,173.26666666666665,1.7000000000000013,13.933333333333321,83.43333333333351,0.0,0.0,0.0,0.0,0.0,0.0,0.0,0.0,0.0,0.0
2008-05-25,8.2,0.0,50.63333333333335,2.633333333333335,15.433333333333318,66.00000000000018,0.0,0.0,0.0,0.0,0.0,0.0,0.0,0.0,0.0,0.0
2008-06-01,4.0,0.0,85.93333333333334,3.200000000000001,22.799999999999986,51.700000000000216,1.0,0.0,0.0,0.0,0.0,0.0,0.0,0.0,0.0,0.0
2008-06-08,1.8,0.0,58.5,2.600000000000002,20.433333333333323,54.66666666666688,0.0,0.0,0.0,0.0,0.0,0.0,0.0,0.0,0.0,0.0
2008-06-15,1.8,0.0,251.29999999999995,2.200000000000002,11.599999999999989,85.9000000000002,0.0,0.0,0.0,0.0,0.0,0.0,0.0,0.0,0.0,0.0
2008-06-22,3.6,0.0,231.56666666666663,2.633333333333336,18.066666666666652,68.76666666666686,0.0,0.0,0.0,0.0,0.0,0.0,0.0,0.0,0.0,0.0
2008-06-29,3.6,0.0,243.1333333333333,2.600000000000002,16.233333333333317,84.56666666666685,0.0,0.0,0.0,0.0,0.0,0.0,0.0,0.0,0.0,0.0
2008-07-06,3.6,0.0,260.59999999999997,2.5000000000000013,17.333333333333318,80.20000000000017,0.0,0.0,0.0,0.0,0.0,0.0,0.0,0.0,0.0,0.0
2008-07-13,5.4,0.0,227.19999999999996,2.0666666666666673,17.366666666666653,86.66666666666684,0.0,0.0,0.0,0.0,0.0,0.0,0.0,0.0,0.0,0.0
2008-07-20,5.4,0.0,226.23333333333335,2.433333333333334,15.63333333333332,87.50000000000016,0.0,0.0,0.0,0.0,0.0,0.0,0.0,0.0,0.0,0.0
2008-07-27,3.6,0.0,58.66666666666666,2.466666666666668,23.799999999999994,65.10000000000015,1.0,0.0,0.0,0.0,0.0,0.0,0.0,0.0,0.0,0.0
2008-08-03,7.4,0.0,174.9,2.400000000000001,20.13333333333333,81.23333333333348,0.0,0.0,0.0,0.0,0.0,0.0,0.0,0.0,0.0,0.0
2008-08-10,7.4,0.0,231.50000000000003,2.8333333333333353,17.29999999999999,87.23333333333346,0.0,0.0,0.0,0.0,0.0,0.0,0.0,0.0,0.0,0.0
2008-08-17,5.6,0.0,7.133333333333373,1.7333333333333354,14.499999999999998,88.1666666666668,0.0,0.0,0.0,0.0,0.0,0.0,0.0,0.0,0.0,0.0
2008-08-24,5.6,0.0,226.00000000000003,2.800000000000002,0.0,88.76666666666681,0.0,0.0,0.0,0.0,0.0,0.0,0.0,0.0,0.0,0.0
2008-08-31,5.6,0.0,149.16666666666674,2.4000000000000017,0.0,77.23333333333349,0.0,0.0,0.0,0.0,0.0,0.0,0.0,0.0,0.0,0.0
2008-09-07,1.8,0.0,154.0333333333334,1.9000000000000024,17.33333333333334,93.80000000000014,0.0,0.0,0.0,0.0,0.0,0.0,0.0,0.0,0.0,0.0
2008-09-14,3.6,0.0,65.9333333333334,2.96666666666667,12.63333333333334,82.70000000000012,0.0,0.0,0.0,0.0,0.0,0.0,0.0,0.0,0.0,0.0
2008-09-21,1.8,0.0,20.266666666666733,1.8333333333333364,11.933333333333339,86.90000000000009,0.0,0.0,0.0,0.0,0.0,0.0,0.0,0.0,0.0,0.0
2008-09-28,1.8,0.0,203.70000000000007,1.9000000000000032,11.333333333333334,86.70000000000009,0.0,0.0,0.0,0.0,0.0,0.0,0.0,0.0,0.0,0.0
2008-10-05,1.8,0.0,163.46666666666673,2.966666666666671,7.5333333333333306,95.60000000000007,0.0,0.0,0.0,0.0,0.0,0.0,0.0,0.0,0.0,0.0
2008-10-12,3.4,0.0,168.13333333333335,1.7333333333333372,10.899999999999993,93.9333333333334,0.0,0.0,0.0,0.0,0.0,0.0,0.0,0.0,0.0,0.0
2008-10-19,1.6,0.0,228.4666666666667,3.1333333333333377,9.599999999999993,91.86666666666672,0.0,0.0,0.0,0.0,0.0,0.0,0.0,0.0,0.0,0.0
2008-10-26,3.0,0.0,180.36666666666665,2.5666666666666704,8.63333333333333,87.00000000000004,0.0,0.0,0.0,0.0,0.0,0.0,0.0,0.0,0.0,0.0
2008-11-02,4.6,0.0,91.83333333333327,1.9000000000000037,5.699999999999998,97.56666666666668,1.0,0.0,0.0,0.0,0.0,0.0,0.0,0.0,0.0,0.0
2008-11-09,4.6,0.0,162.93333333333325,2.133333333333337,10.366666666666664,96.93333333333332,0.0,0.0,0.0,0.0,0.0,0.0,0.0,0.0,0.0,0.0
2008-11-16,3.0,0.0,226.76666666666657,3.6333333333333377,8.233333333333329,94.7333333333333,0.0,0.0,0.0,0.0,0.0,0.0,0.0,0.0,0.0,0.0
2008-11-23,3.0,0.0,289.9,3.2333333333333374,0.7666666666666607,98.83333333333333,0.0,0.0,0.0,0.0,0.0,0.0,0.0,0.0,0.0,0.0
2008-11-30,1.6,0.0,140.29999999999993,2.133333333333337,1.899999999999994,93.59999999999998,0.0,0.0,0.0,0.0,0.0,0.0,0.0,0.0,0.0,0.0
2008-12-07,0.0,1.6666666666666667,229.13333333333324,1.933333333333336,4.16666666666666,98.86666666666667,3.0,1.0,0.0,0.0,0.0,0.0,0.0,0.0,1.0,1.0
2008-12-14,1.8,3.6666666666666665,154.89999999999995,2.500000000000003,2.5333333333333266,98.13333333333337,0.0,0.0,0.0,0.0,0.0,0.0,0.0,0.0,0.0,0.0
2008-12-21,1.8,7.666666666666667,218.89999999999995,3.3666666666666707,4.966666666666661,95.83333333333337,2.0,0.0,0.0,1.0,0.0,0.0,0.0,0.0,0.0,1.0
2008-12-28,4.0,8.0,60.06666666666655,1.4333333333333373,-1.3666666666666725,93.80000000000007,3.0,0.0,0.0,0.0,0.0,0.0,1.0,1.0,0.0,0.0
2009-01-04,7.2,13.0,188.9666666666665,2.0666666666666695,-1.8000000000000058,97.06666666666676,7.0,0.0,0.0,1.0,3.0,1.0,1.0,0.0,0.0,1.0
2009-01-11,15.0,27.0,146.19999999999985,1.7000000000000035,-4.233333333333337,97.23333333333346,8.0,1.0,0.0,0.0,1.0,0.0,1.0,2.0,0.0,0.0
2009-01-18,22.4,85.33333333333333,136.56666666666652,2.3333333333333366,1.033333333333329,97.00000000000011,63.0,10.0,4.0,10.0,3.0,4.0,0.0,2.0,7.0,14.0
2009-01-25,27.0,172.66666666666666,173.86666666666656,2.6333333333333364,1.6333333333333295,98.13333333333344,153.0,6.0,2.0,9.0,11.0,7.0,5.0,11.0,10.0,12.0
2009-02-01,28.0,241.66666666666666,42.39999999999993,2.4000000000000026,-0.133333333333337,96.10000000000007,126.0,10.0,8.0,6.0,13.0,5.0,1.0,9.0,21.0,22.0
2009-02-08,26.4,237.33333333333334,177.49999999999991,1.9666666666666694,2.0333333333333306,94.46666666666675,120.0,7.0,11.0,6.0,6.0,5.0,7.0,7.0,23.0,22.0
2009-02-15,23.4,163.66666666666666,181.53333333333327,2.333333333333336,-1.6333333333333364,94.03333333333342,89.0,4.0,4.0,4.0,5.0,2.0,5.0,5.0,32.0,16.0
2009-02-22,17.4,95.33333333333333,225.49999999999986,1.8000000000000025,1.0333333333333299,98.90000000000008,66.0,4.0,0.0,1.0,5.0,4.0,0.0,4.0,22.0,11.0
2009-03-01,12.8,60.333333333333336,184.03333333333322,2.3000000000000016,5.699999999999998,92.83333333333341,43.0,0.0,3.0,1.0,2.0,2.0,1.0,5.0,8.0,7.0
2009-03-08,9.6,57.0,180.16666666666652,2.3333333333333353,4.499999999999999,98.40000000000003,39.0,1.0,0.0,0.0,5.0,1.0,4.0,2.0,14.0,5.0
2009-03-15,8.0,49.333333333333336,258.06666666666655,2.300000000000002,7.133333333333333,92.56666666666672,23.0,2.0,1.0,2.0,1.0,0.0,1.0,1.0,5.0,3.0
2009-03-22,3.2,40.333333333333336,184.1999999999999,2.8333333333333353,4.366666666666663,72.86666666666672,14.0,0.0,0.0,0.0,1.0,4.0,0.0,0.0,3.0,2.0
2009-03-29,0.0,28.333333333333332,197.56666666666663,2.666666666666668,6.666666666666664,90.26666666666675,6.0,1.0,1.0,0.0,0.0,0.0,0.0,0.0,1.0,1.0
2009-04-05,2.0,19.333333333333332,227.20000000000005,2.133333333333335,13.666666666666666,68.86666666666676,4.0,1.0,0.0,0.0,0.0,0.0,0.0,0.0,1.0,2.0
2009-04-12,2.0,7.666666666666667,91.46666666666665,3.3666666666666694,14.933333333333335,71.3000000000001,0.0,0.0,0.0,0.0,0.0,0.0,0.0,0.0,0.0,0.0
2009-04-19,2.0,2.3333333333333335,55.9333333333333,3.2333333333333356,11.666666666666666,70.80000000000008,0.0,0.0,0.0,0.0,0.0,0.0,0.0,0.0,0.0,0.0
2009-04-26,22.0,0.3333333333333333,108.66666666666663,2.8333333333333357,15.100000000000003,54.233333333333405,1.0,0.0,0.0,0.0,0.0,0.0,0.0,0.0,0.0,1.0
2009-05-03,23.6,2.3333333333333335,50.599999999999966,2.000000000000004,14.833333333333337,64.86666666666675,8.0,0.0,0.0,1.0,0.0,0.0,0.0,0.0,0.0,5.0
2009-05-10,23.2,3.6666666666666665,107.0333333333333,2.3666666666666694,14.033333333333337,73.80000000000007,2.0,0.0,0.0,1.0,1.0,0.0,0.0,0.0,0.0,0.0
2009-05-17,25.0,4.0,95.89999999999996,2.933333333333336,15.133333333333335,64.53333333333342,1.0,0.0,0.0,0.0,0.0,0.0,0.0,0.0,0.0,0.0
2009-05-24,26.6,1.6666666666666667,60.499999999999964,2.466666666666669,15.4,70.86666666666673,0.0,0.0,0.0,0.0,0.0,0.0,0.0,0.0,0.0,0.0
2009-05-31,10.0,0.6666666666666666,32.2666666666666,2.933333333333336,14.866666666666669,88.16666666666676,0.0,0.0,0.0,0.0,0.0,0.0,0.0,0.0,0.0,0.0
2009-06-07,8.4,0.6666666666666666,77.53333333333329,2.3666666666666685,11.06666666666667,86.80000000000007,0.0,0.0,0.0,0.0,0.0,0.0,0.0,0.0,0.0,0.0
2009-06-14,8.4,1.6666666666666667,115.69999999999992,3.8666666666666676,14.399999999999999,73.33333333333341,1.0,0.0,0.0,0.0,0.0,0.0,0.0,0.0,0.0,0.0
2009-06-21,6.6,3.0,128.03333333333333,2.4333333333333353,15.333333333333334,90.03333333333342,2.0,0.0,0.0,0.0,0.0,1.0,0.0,0.0,1.0,0.0
2009-06-28,6.6,3.6666666666666665,46.36666666666668,2.366666666666669,18.76666666666667,98.4333333333334,1.0,0.0,0.0,0.0,0.0,0.0,0.0,0.0,0.0,0.0
2009-07-05,6.4,6.666666666666667,217.1666666666667,1.9666666666666688,21.666666666666668,94.36666666666672,0.0,0.0,0.0,0.0,0.0,0.0,0.0,0.0,0.0,0.0
2009-07-12,9.8,8.666666666666666,180.5666666666668,2.800000000000003,15.666666666666663,90.53333333333337,5.0,0.0,1.0,0.0,1.0,0.0,3.0,0.0,0.0,0.0
2009-07-19,10.0,23.0,134.66666666666677,2.5666666666666704,19.199999999999992,94.16666666666674,13.0,2.0,1.0,0.0,1.0,1.0,6.0,0.0,1.0,0.0
2009-07-26,15.6,37.0,249.20000000000013,2.7000000000000046,16.733333333333324,95.16666666666674,23.0,3.0,1.0,0.0,2.0,3.0,4.0,1.0,1.0,1.0
2009-08-02,15.8,65.0,105.96666666666677,2.000000000000004,19.799999999999994,78.43333333333344,60.0,3.0,5.0,5.0,5.0,8.0,1.0,1.0,5.0,7.0
2009-08-09,18.0,73.66666666666667,103.56666666666678,2.3333333333333375,22.699999999999992,78.36666666666673,66.0,2.0,4.0,11.0,3.0,4.0,3.0,5.0,2.0,6.0
2009-08-16,16.4,67.33333333333333,154.80000000000015,2.433333333333338,19.666666666666657,79.30000000000008,39.0,4.0,1.0,0.0,1.0,3.0,3.0,5.0,3.0,7.0
2009-08-23,16.4,55.333333333333336,217.53333333333342,1.733333333333338,17.999999999999993,88.03333333333342,44.0,3.0,1.0,1.0,0.0,10.0,4.0,2.0,7.0,0.0
2009-08-30,12.4,45.0,238.4000000000001,2.7333333333333383,17.766666666666662,86.66666666666676,34.0,4.0,1.0,1.0,1.0,0.0,1.0,2.0,6.0,2.0
2009-09-06,15.6,50.333333333333336,234.86666666666682,3.6333333333333386,15.033333333333339,95.06666666666672,45.0,9.0,1.0,3.0,0.0,0.0,0.0,5.0,9.0,1.0
2009-09-13,15.0,52.666666666666664,205.4000000000001,1.966666666666673,14.833333333333343,90.93333333333338,29.0,1.0,0.0,4.0,0.0,9.0,0.0,1.0,4.0,1.0
2009-09-20,14.8,59.666666666666664,83.30000000000013,1.9000000000000064,15.200000000000012,84.80000000000004,38.0,1.0,6.0,5.0,0.0,15.0,1.0,1.0,2.0,2.0
2009-09-27,16.2,56.0,232.16666666666674,1.4333333333333396,12.86666666666668,88.60000000000002,45.0,7.0,8.0,4.0,1.0,0.0,1.0,2.0,2.0,17.0
2009-10-04,16.2,50.0,241.4666666666667,3.9333333333333402,11.133333333333345,93.76666666666667,34.0,1.0,1.0,9.0,0.0,5.0,0.0,3.0,3.0,1.0
2009-10-11,14.4,36.0,117.46666666666671,2.2666666666666733,8.800000000000013,95.56666666666665,27.0,11.0,0.0,0.0,1.0,0.0,0.0,0.0,0.0,0.0
2009-10-18,14.4,38.0,251.5666666666667,2.0000000000000058,5.466666666666682,98.89999999999996,43.0,9.0,0.0,2.0,1.0,1.0,0.0,1.0,3.0,0.0
2009-10-25,17.6,49.0,118.2,1.4666666666666728,8.366666666666683,98.89999999999998,27.0,10.0,1.0,2.0,0.0,1.0,2.0,2.0,3.0,0.0
2009-11-01,22.0,93.66666666666667,117.36666666666672,2.4000000000000052,2.5333333333333488,96.33333333333333,62.0,26.0,3.0,1.0,1.0,2.0,3.0,1.0,5.0,4.0
2009-11-08,26.6,231.33333333333334,127.36666666666673,2.3000000000000043,5.800000000000015,97.96666666666665,106.0,15.0,10.0,8.0,5.0,6.0,2.0,5.0,17.0,8.0
2009-11-15,39.0,471.0,174.9333333333334,2.266666666666671,9.433333333333346,98.4333333333333,548.0,49.0,47.0,27.0,23.0,38.0,54.0,33.0,52.0,56.0
2009-11-22,38.8,686.3333333333334,190.30000000000004,2.5000000000000053,10.066666666666679,96.96666666666665,739.0,43.0,66.0,39.0,25.0,41.0,66.0,97.0,99.0,43.0
2009-11-29,35.6,791.3333333333334,198.03333333333342,3.733333333333338,8.633333333333349,95.8,544.0,44.0,51.0,42.0,0.0,39.0,1.0,50.0,68.0,39.0
2009-12-06,29.6,694.3333333333334,146.5666666666668,2.066666666666672,3.3000000000000145,98.89999999999998,339.0,24.0,45.0,25.0,0.0,35.0,1.0,24.0,42.0,27.0
2009-12-13,26.6,555.0,46.53333333333345,1.6666666666666725,0.9666666666666813,98.89999999999998,378.0,44.0,39.0,17.0,0.0,25.0,1.0,17.0,43.0,23.0
2009-12-20,13.2,398.6666666666667,99.13333333333345,2.2000000000000064,-11.199999999999983,98.26666666666661,332.0,34.0,38.0,9.0,0.0,32.0,1.0,16.0,72.0,12.0
2009-12-27,8.6,265.6666666666667,146.63333333333347,3.800000000000006,2.9000000000000163,98.39999999999998,115.0,10.0,19.0,5.0,0.0,1.0,2.0,5.0,16.0,8.0
2010-01-03,7.0,157.0,54.26666666666682,1.8000000000000063,-2.26666666666665,98.96666666666665,1.0,0.0,0.0,0.0,0.0,0.0,0.0,0.0,1.0,0.0
2010-01-03,7.0,157.0,54.26666666666682,1.8000000000000063,-2.26666666666665,98.96666666666665,83.0,8.0,11.0,3.0,2.0,6.0,2.0,3.0,12.0,7.0
2010-01-03,5.4,77.66666666666667,54.26666666666682,1.8000000000000063,-2.26666666666665,98.96666666666665,1.0,0.0,0.0,0.0,0.0,0.0,0.0,0.0,1.0,0.0
2010-01-03,5.4,77.66666666666667,54.26666666666682,1.8000000000000063,-2.26666666666665,98.96666666666665,83.0,8.0,11.0,3.0,2.0,6.0,2.0,3.0,12.0,7.0
2010-01-10,5.6,54.0,53.36666666666682,3.400000000000007,-3.7666666666666497,98.93333333333332,41.0,3.0,3.0,1.0,3.0,2.0,1.0,4.0,6.0,3.0
2010-01-17,6.8,40.333333333333336,111.63333333333348,2.8000000000000074,-1.8333333333333168,98.93333333333332,24.0,1.0,1.0,0.0,3.0,0.0,1.0,2.0,4.0,1.0
2010-01-24,10.2,22.333333333333332,100.46666666666681,2.900000000000006,-9.26666666666665,95.39999999999998,29.0,0.0,11.0,0.0,0.0,0.0,2.0,1.0,3.0,1.0
2010-01-31,10.2,12.666666666666666,122.56666666666683,3.2000000000000064,-1.86666666666665,98.93333333333332,7.0,0.0,0.0,0.0,0.0,1.0,1.0,0.0,1.0,0.0
2010-02-07,10.2,9.333333333333334,77.00000000000018,2.4333333333333393,-1.0333333333333166,98.8333333333333,8.0,1.0,1.0,0.0,0.0,0.0,1.0,0.0,2.0,2.0
2010-02-14,10.4,7.0,234.0666666666668,1.6666666666666732,-1.5999999999999828,98.49999999999996,1.0,0.0,0.0,0.0,0.0,0.0,1.0,0.0,0.0,0.0
2010-02-21,7.0,4.666666666666667,203.73333333333343,2.1333333333333395,1.4333333333333507,94.36666666666663,8.0,2.0,0.0,0.0,0.0,0.0,0.0,1.0,1.0,1.0
2010-02-28,7.2,3.6666666666666665,176.30000000000015,3.3000000000000056,5.800000000000016,94.23333333333333,5.0,0.0,0.0,0.0,0.0,0.0,0.0,0.0,0.0,0.0
2010-03-07,7.2,3.0,191.56666666666683,2.4666666666666717,-1.5999999999999834,88.33333333333331,4.0,0.0,2.0,0.0,0.0,0.0,0.0,0.0,0.0,1.0
2010-03-14,7.2,2.6666666666666665,237.13333333333344,3.500000000000005,3.23333333333335,98.89999999999998,2.0,0.0,0.0,0.0,0.0,1.0,0.0,0.0,0.0,0.0
2010-03-21,3.6,3.0,0.0,2.833333333333338,0.0,93.46666666666664,0.0,0.0,0.0,0.0,0.0,0.0,0.0,0.0,0.0,0.0
2010-03-28,3.6,1.6666666666666667,255.93333333333354,2.8333333333333393,10.833333333333352,93.10000000000002,1.0,0.0,0.0,0.0,0.0,0.0,0.0,0.0,0.0,1.0
2010-04-04,4.2,2.0,0.0,0.0,0.0,0.0,0.0,0.0,0.0,0.0,0.0,0.0,0.0,0.0,0.0,0.0
2010-04-11,11.4,1.6666666666666667,191.33333333333357,2.8666666666666725,8.00000000000002,96.43333333333334,0.0,0.0,0.0,0.0,0.0,0.0,0.0,0.0,0.0,0.0
2010-04-18,11.4,1.6666666666666667,261.80000000000024,2.2333333333333396,9.300000000000015,75.16666666666671,2.0,0.0,0.0,0.0,0.0,0.0,0.0,0.0,0.0,0.0
2010-04-25,11.4,1.0,192.7666666666669,2.0666666666666726,10.700000000000012,74.0333333333334,0.0,0.0,0.0,0.0,0.0,0.0,0.0,0.0,0.0,0.0
2010-05-02,11.4,0.6666666666666666,245.3000000000003,2.4000000000000052,14.933333333333346,87.1000000000001,0.0,0.0,0.0,0.0,0.0,0.0,0.0,0.0,0.0,0.0
2010-05-09,7.2,1.0,204.63333333333364,1.3333333333333393,10.466666666666683,93.16666666666674,0.0,0.0,0.0,0.0,0.0,0.0,0.0,0.0,0.0,0.0
2010-05-16,0.0,0.6666666666666666,305.80000000000035,2.8333333333333393,8.800000000000018,80.40000000000008,0.0,0.0,0.0,0.0,0.0,0.0,0.0,0.0,0.0,0.0
2010-05-23,0.0,0.3333333333333333,314.7000000000003,2.1666666666666714,15.40000000000002,76.80000000000005,0.0,0.0,0.0,0.0,0.0,0.0,0.0,0.0,0.0,0.0
2010-05-30,4.0,0.0,232.8000000000003,1.8666666666666714,13.00000000000002,72.4333333333334,0.0,0.0,0.0,0.0,0.0,0.0,0.0,0.0,0.0,0.0
2010-06-06,4.0,0.0,260.9000000000003,1.7000000000000046,17.666666666666686,58.26666666666673,0.0,0.0,0.0,0.0,0.0,0.0,0.0,0.0,0.0,0.0
2010-06-13,4.0,0.0,281.5000000000003,2.733333333333339,17.30000000000002,68.96666666666675,1.0,0.0,1.0,0.0,0.0,0.0,0.0,0.0,0.0,0.0
2010-06-20,4.0,0.0,301.6000000000003,2.7666666666666715,14.566666666666684,61.56666666666677,0.0,0.0,0.0,0.0,0.0,0.0,0.0,0.0,0.0,0.0
2010-06-27,8.0,0.0,152.90000000000035,1.9333333333333382,19.700000000000006,54.53333333333344,0.0,0.0,0.0,0.0,0.0,0.0,0.0,0.0,0.0,0.0
2010-07-04,7.8,0.0,168.6333333333337,2.0333333333333385,25.366666666666674,45.40000000000009,0.0,0.0,0.0,0.0,0.0,0.0,0.0,0.0,0.0,0.0
2010-07-11,7.8,0.0,160.366666666667,2.03333333333334,27.666666666666675,40.900000000000084,0.0,0.0,0.0,0.0,0.0,0.0,0.0,0.0,0.0,0.0
2010-07-18,15.4,0.3333333333333333,280.8333333333336,2.2333333333333387,22.366666666666685,56.66666666666674,0.0,0.0,0.0,0.0,0.0,0.0,0.0,0.0,0.0,0.0
2010-07-25,15.4,0.3333333333333333,223.50000000000023,2.9333333333333376,17.46666666666668,76.30000000000007,0.0,0.0,0.0,0.0,0.0,0.0,0.0,0.0,0.0,0.0
2010-08-01,15.2,0.3333333333333333,230.66666666666683,2.1000000000000045,19.90000000000002,56.766666666666715,1.0,0.0,0.0,0.0,0.0,0.0,0.0,0.0,0.0,0.0
2010-08-08,11.4,0.0,327.83333333333354,1.900000000000005,19.03333333333336,77.36666666666672,0.0,0.0,0.0,0.0,0.0,0.0,0.0,0.0,0.0,0.0
2010-08-15,11.4,0.0,152.23333333333343,1.7666666666666717,18.400000000000013,86.90000000000003,0.0,0.0,0.0,0.0,0.0,0.0,0.0,0.0,0.0,0.0
2010-08-22,7.4,0.0,233.9666666666668,1.9666666666666714,20.000000000000014,62.900000000000006,0.0,0.0,0.0,0.0,0.0,0.0,0.0,0.0,0.0,0.0
2010-08-29,11.0,0.0,293.90000000000015,2.466666666666671,14.100000000000009,88.43333333333338,0.0,0.0,0.0,0.0,0.0,0.0,0.0,0.0,0.0,0.0
2010-09-05,7.2,0.0,251.30000000000018,1.4666666666666714,11.333333333333343,76.30000000000005,0.0,0.0,0.0,0.0,0.0,0.0,0.0,0.0,0.0,0.0
2010-09-12,7.2,0.3333333333333333,219.60000000000016,1.8333333333333368,15.466666666666676,75.96666666666671,0.0,0.0,0.0,0.0,0.0,0.0,0.0,0.0,0.0,0.0
2010-09-19,7.2,0.3333333333333333,267.6666666666669,3.3000000000000056,11.733333333333341,73.60000000000007,0.0,0.0,0.0,0.0,0.0,0.0,0.0,0.0,0.0,0.0
2010-09-26,3.6,0.3333333333333333,276.56666666666683,2.3000000000000047,13.433333333333344,87.86666666666673,0.0,0.0,0.0,0.0,0.0,0.0,0.0,0.0,0.0,0.0
2010-10-03,0.0,0.3333333333333333,142.90000000000018,3.1000000000000036,9.033333333333344,79.56666666666673,0.0,0.0,0.0,0.0,0.0,0.0,0.0,0.0,0.0,0.0
2010-10-10,7.0,0.3333333333333333,114.23333333333352,2.866666666666671,9.73333333333334,69.26666666666675,1.0,0.0,0.0,0.0,0.0,0.0,0.0,0.0,0.0,0.0
2010-10-17,7.0,0.3333333333333333,139.06666666666683,1.9333333333333382,6.833333333333338,89.56666666666672,0.0,0.0,0.0,0.0,0.0,0.0,0.0,0.0,0.0,0.0
2010-10-24,10.2,0.0,237.56666666666686,3.700000000000004,6.800000000000004,74.23333333333342,0.0,0.0,0.0,0.0,0.0,0.0,0.0,0.0,0.0,0.0
2010-10-31,16.6,0.0,0.0,0.0,0.0,0.0,2.0,0.0,0.0,0.0,0.0,0.0,0.0,1.0,0.0,0.0
2010-11-07,16.6,0.0,195.50000000000014,2.700000000000003,8.133333333333338,88.76666666666672,0.0,0.0,0.0,0.0,0.0,0.0,0.0,0.0,0.0,0.0
2010-11-14,12.8,0.3333333333333333,236.06666666666683,3.3333333333333375,10.066666666666674,82.36666666666673,0.0,0.0,0.0,0.0,0.0,0.0,0.0,0.0,0.0,0.0
2010-11-21,16.0,1.0,177.33333333333348,1.4666666666666706,5.133333333333343,92.56666666666673,0.0,0.0,0.0,0.0,0.0,0.0,0.0,0.0,0.0,0.0
2010-11-28,12.8,1.3333333333333333,230.10000000000014,1.4000000000000046,-1.8666666666666574,85.90000000000008,0.0,0.0,0.0,0.0,0.0,0.0,0.0,0.0,0.0,0.0
2010-12-05,6.4,2.6666666666666665,228.66666666666683,2.8666666666666707,-5.533333333333324,82.36666666666676,0.0,0.0,0.0,0.0,0.0,0.0,0.0,0.0,0.0,0.0
2010-12-12,9.8,5.0,307.2333333333335,3.6000000000000036,0.36666666666667536,86.93333333333344,1.0,0.0,0.0,1.0,0.0,0.0,0.0,0.0,0.0,0.0
2010-12-19,6.6,8.333333333333334,185.23333333333355,1.3333333333333375,-7.133333333333323,89.50000000000007,0.0,0.0,0.0,0.0,0.0,0.0,0.0,0.0,0.0,0.0
2010-12-26,3.4,10.666666666666666,212.56666666666683,2.9000000000000044,-4.3666666666666565,89.26666666666672,1.0,0.0,0.0,0.0,1.0,0.0,0.0,0.0,0.0,0.0
2011-01-02,10.4,29.333333333333332,294.5333333333335,3.200000000000005,0.8333333333333425,84.63333333333338,18.0,0.0,3.0,2.0,2.0,2.0,1.0,1.0,2.0,0.0
2011-01-09,16.2,101.33333333333333,226.9666666666667,2.6333333333333386,3.600000000000009,88.93333333333338,80.0,6.0,18.0,1.0,6.0,5.0,3.0,4.0,18.0,8.0
2011-01-16,15.6,215.33333333333334,255.5666666666667,2.866666666666671,7.8000000000000105,87.03333333333342,261.0,21.0,20.0,8.0,57.0,3.0,25.0,20.0,55.0,15.0
2011-01-23,23.0,297.6666666666667,308.33333333333326,1.8333333333333375,-0.06666666666665629,85.7000000000001,199.0,34.0,8.0,11.0,32.0,17.0,26.0,1.0,32.0,22.0
2011-01-30,29.4,330.0,209.3333333333333,0.7000000000000041,-3.0333333333333226,82.86666666666677,168.0,20.0,6.0,1.0,15.0,7.0,3.0,11.0,45.0,11.0
2011-02-06,25.2,341.0,261.4,4.26666666666667,7.300000000000011,82.93333333333347,202.0,27.0,7.0,4.0,13.0,17.0,9.0,12.0,29.0,14.0
2011-02-13,26.8,329.0,174.6333333333333,2.000000000000003,1.5000000000000127,68.73333333333349,144.0,23.0,7.0,4.0,11.0,6.0,14.0,12.0,11.0,14.0
2011-02-20,27.6,292.3333333333333,27.33333333333333,1.9333333333333371,-2.666666666666654,68.76666666666685,179.0,24.0,1.0,5.0,14.0,5.0,8.0,13.0,35.0,26.0
2011-02-27,21.2,239.66666666666666,156.43333333333328,1.9000000000000032,-2.033333333333323,63.00000000000017,166.0,16.0,2.0,4.0,9.0,4.0,17.0,12.0,16.0,9.0
2011-03-06,19.6,208.0,322.29999999999995,2.46666666666667,-0.46666666666665657,66.16666666666684,201.0,15.0,5.0,4.0,3.0,3.0,20.0,11.0,47.0,14.0
2011-03-13,22.4,191.0,224.3666666666666,2.200000000000003,7.233333333333342,62.566666666666855,212.0,7.0,12.0,1.0,6.0,18.0,12.0,4.0,49.0,19.0
2011-03-20,18.8,148.33333333333334,318.63333333333327,2.833333333333337,3.133333333333343,79.73333333333352,102.0,4.0,4.0,2.0,2.0,9.0,3.0,4.0,12.0,14.0
2011-03-27,20.0,103.66666666666667,289.4666666666666,1.866666666666671,4.933333333333342,69.2333333333335,46.0,5.0,3.0,1.0,0.0,5.0,1.0,0.0,14.0,2.0
2011-04-03,22.8,55.0,235.3666666666667,1.6333333333333375,15.30000000000001,67.13333333333354,19.0,0.0,2.0,0.0,0.0,1.0,0.0,1.0,6.0,1.0
2011-04-10,19.0,23.666666666666668,323.1666666666666,3.433333333333337,9.833333333333341,55.13333333333353,8.0,0.0,1.0,0.0,0.0,0.0,0.0,0.0,3.0,0.0
2011-04-17,13.4,10.0,308.2333333333333,1.2666666666666702,9.600000000000009,57.53333333333353,1.0,0.0,0.0,0.0,0.0,0.0,0.0,0.0,0.0,0.0
2011-04-24,11.6,5.0,100.63333333333328,2.3666666666666694,17.066666666666674,38.26666666666686,2.0,0.0,0.0,0.0,0.0,0.0,0.0,0.0,0.0,0.0
2011-05-01,9.6,2.6666666666666665,63.23333333333331,3.0333333333333354,13.000000000000005,49.06666666666686,3.0,0.0,0.0,0.0,0.0,0.0,0.0,0.0,3.0,0.0
2011-05-08,5.8,1.0,146.36666666666665,2.1666666666666683,14.033333333333339,42.7666666666669,1.0,0.0,0.0,0.0,0.0,0.0,0.0,0.0,0.0,0.0
2011-05-15,5.8,0.6666666666666666,269.8999999999999,1.9333333333333351,12.300000000000004,65.46666666666688,1.0,0.0,0.0,0.0,0.0,0.0,0.0,1.0,0.0,0.0
2011-05-22,6.8,0.6666666666666666,202.53333333333327,0.8666666666666686,18.23333333333333,62.96666666666692,1.0,0.0,0.0,0.0,0.0,0.0,0.0,0.0,0.0,0.0
2011-05-29,5.8,0.3333333333333333,262.33333333333326,1.9333333333333347,15.766666666666664,56.500000000000256,0.0,0.0,0.0,0.0,0.0,0.0,0.0,0.0,0.0,0.0
2011-06-05,7.0,0.3333333333333333,91.8999999999999,1.8000000000000018,21.39999999999999,52.03333333333359,0.0,0.0,0.0,0.0,0.0,0.0,0.0,0.0,0.0,0.0
2011-06-12,9.0,0.3333333333333333,196.86666666666656,0.9666666666666686,16.266666666666666,56.766666666666914,0.0,0.0,0.0,0.0,0.0,0.0,0.0,0.0,0.0,0.0
2011-06-19,12.6,0.3333333333333333,256.63333333333327,2.1666666666666683,15.899999999999999,65.00000000000027,0.0,0.0,0.0,0.0,0.0,0.0,0.0,0.0,0.0,0.0
2011-06-26,13.4,0.0,291.89999999999986,1.8333333333333355,15.100000000000003,72.23333333333363,0.0,0.0,0.0,0.0,0.0,0.0,0.0,0.0,0.0,0.0
2011-07-03,13.4,0.0,306.2666666666665,3.033333333333335,14.233333333333334,80.93333333333362,0.0,0.0,0.0,0.0,0.0,0.0,0.0,0.0,0.0,0.0
2011-07-10,11.4,0.0,154.1333333333332,1.4666666666666688,20.100000000000005,61.866666666666966,0.0,0.0,0.0,0.0,0.0,0.0,0.0,0.0,0.0,0.0
2011-07-17,10.4,0.0,224.86666666666653,2.266666666666668,17.6,62.30000000000032,0.0,0.0,0.0,0.0,0.0,0.0,0.0,0.0,0.0,0.0
2011-07-24,7.8,0.0,262.5666666666665,3.3333333333333344,13.73333333333334,73.20000000000033,0.0,0.0,0.0,0.0,0.0,0.0,0.0,0.0,0.0,0.0
2011-07-31,6.0,0.0,305.1999999999998,2.5666666666666678,15.166666666666677,92.80000000000034,0.0,0.0,0.0,0.0,0.0,0.0,0.0,0.0,0.0,0.0
2011-08-07,6.0,0.0,216.93333333333314,1.4000000000000012,20.000000000000014,77.06666666666702,0.0,0.0,0.0,0.0,0.0,0.0,0.0,0.0,0.0,0.0
2011-08-14,5.8,0.0,237.43333333333305,1.3333333333333357,17.86666666666668,75.83333333333367,0.0,0.0,0.0,0.0,0.0,0.0,0.0,0.0,0.0,0.0
2011-08-21,6.4,0.0,247.13333333333307,1.7333333333333358,17.700000000000017,65.23333333333368,0.0,0.0,0.0,0.0,0.0,0.0,0.0,0.0,0.0,0.0
2011-08-28,6.0,0.0,212.09999999999968,2.233333333333336,18.76666666666668,74.766666666667,0.0,0.0,0.0,0.0,0.0,0.0,0.0,0.0,0.0,0.0
2011-09-04,6.0,0.0,141.83333333333303,1.26666666666667,18.06666666666668,64.10000000000035,0.0,0.0,0.0,0.0,0.0,0.0,0.0,0.0,0.0,0.0
2011-09-11,5.8,0.0,229.6666666666664,0.9666666666666699,17.066666666666677,85.30000000000034,1.0,0.0,0.0,0.0,0.0,0.0,0.0,1.0,0.0,0.0
2011-09-18,7.4,0.0,228.13333333333307,1.033333333333337,13.966666666666677,76.83333333333367,0.0,0.0,0.0,0.0,0.0,0.0,0.0,0.0,0.0,0.0
2011-09-25,5.8,0.0,0.0,0.0,0.0,0.0,0.0,0.0,0.0,0.0,0.0,0.0,0.0,0.0,0.0,0.0
2011-10-02,6.0,0.0,185.93333333333302,0.9666666666666698,15.233333333333343,64.93333333333366,1.0,0.0,0.0,0.0,0.0,0.0,0.0,1.0,0.0,0.0
2011-10-09,7.8,0.0,280.26666666666637,2.300000000000002,8.700000000000015,78.03333333333366,0.0,0.0,0.0,0.0,0.0,0.0,0.0,0.0,0.0,0.0
2011-10-16,7.8,0.0,114.9666666666662,1.3666666666666696,5.100000000000016,72.93333333333362,0.0,0.0,0.0,0.0,0.0,0.0,0.0,0.0,0.0,0.0
2011-10-23,6.2,0.0,192.3666666666663,1.8000000000000025,4.633333333333349,78.70000000000027,0.0,0.0,0.0,0.0,0.0,0.0,0.0,0.0,0.0,0.0
2011-10-30,6.2,0.0,202.96666666666633,1.2666666666666688,10.000000000000018,84.36666666666692,1.0,0.0,0.0,0.0,0.0,0.0,0.0,0.0,1.0,0.0
2011-11-06,8.6,0.0,130.53333333333293,1.8000000000000018,7.866666666666684,84.0666666666669,1.0,0.0,0.0,0.0,0.0,0.0,0.0,0.0,0.0,0.0
2011-11-13,9.2,0.0,142.03333333333288,1.9333333333333353,1.600000000000014,76.00000000000026,0.0,0.0,0.0,0.0,0.0,0.0,0.0,0.0,0.0,0.0
2011-11-20,9.2,0.3333333333333333,195.89999999999952,1.0000000000000018,4.433333333333348,89.23333333333359,1.0,0.0,0.0,0.0,0.0,0.0,0.0,0.0,0.0,1.0
2011-11-27,8.2,0.6666666666666666,250.66666666666626,3.2333333333333343,6.766666666666683,76.36666666666692,0.0,0.0,0.0,0.0,0.0,0.0,0.0,0.0,0.0,0.0
2011-12-04,10.6,3.3333333333333335,245.2999999999996,2.800000000000001,6.266666666666683,80.6666666666669,0.0,0.0,0.0,0.0,0.0,0.0,0.0,0.0,0.0,0.0
2011-12-11,8.0,4.333333333333333,250.29999999999959,3.0,3.6333333333333506,72.10000000000024,0.0,0.0,0.0,0.0,0.0,0.0,0.0,0.0,0.0,0.0
2011-12-18,6.4,5.0,262.9999999999995,3.2666666666666675,3.0333333333333523,83.33333333333358,0.0,0.0,0.0,0.0,0.0,0.0,0.0,0.0,0.0,0.0
2011-12-25,6.6,3.3333333333333335,240.86666666666625,2.4000000000000012,5.766666666666684,90.43333333333358,0.0,0.0,0.0,0.0,0.0,0.0,0.0,0.0,0.0,0.0
2012-01-01,7.4,3.0,231.09999999999957,2.233333333333335,4.1333333333333515,88.00000000000023,1.0,0.0,0.0,0.0,0.0,0.0,0.0,0.0,0.0,1.0
2012-01-08,7.2,3.6666666666666665,274.39999999999947,3.1333333333333346,3.8000000000000167,84.43333333333355,0.0,0.0,0.0,0.0,0.0,0.0,0.0,0.0,0.0,0.0
2012-01-15,7.2,4.0,304.3999999999994,3.0666666666666678,1.1666666666666856,74.8000000000002,2.0,0.0,0.0,0.0,0.0,0.0,0.0,0.0,2.0,0.0
2012-01-22,8.8,16.333333333333332,255.13333333333276,3.366666666666667,2.800000000000019,86.3000000000002,5.0,4.0,0.0,0.0,0.0,0.0,0.0,0.0,1.0,0.0
2012-01-29,10.2,19.0,102.59999999999947,2.400000000000001,-3.833333333333314,71.5000000000002,0.0,0.0,0.0,0.0,0.0,0.0,0.0,0.0,0.0,0.0
2012-02-05,10.2,23.666666666666668,213.9333333333328,1.000000000000001,-11.466666666666649,80.3666666666669,6.0,1.0,1.0,0.0,0.0,1.0,0.0,0.0,0.0,0.0
2012-02-12,10.4,20.333333333333332,142.26666666666617,1.2000000000000008,-8.733333333333315,74.10000000000025,8.0,2.0,1.0,0.0,0.0,1.0,0.0,1.0,0.0,0.0
2012-02-19,12.8,37.0,250.09999999999957,2.9666666666666672,4.033333333333352,83.40000000000025,20.0,0.0,2.0,0.0,1.0,1.0,1.0,1.0,7.0,2.0
2012-02-26,14.4,47.0,291.3666666666664,3.6,6.066666666666687,73.23333333333356,23.0,0.0,0.0,0.0,0.0,1.0,2.0,1.0,8.0,1.0
2012-03-04,16.2,52.666666666666664,182.06666666666626,2.233333333333334,4.333333333333354,63.53333333333358,24.0,0.0,2.0,0.0,1.0,0.0,2.0,1.0,12.0,1.0
2012-03-11,17.0,43.666666666666664,270.4999999999996,2.7666666666666675,6.966666666666687,71.10000000000024,53.0,2.0,5.0,0.0,0.0,2.0,1.0,2.0,18.0,4.0
2012-03-18,17.0,35.333333333333336,233.83333333333294,1.4999999999999993,9.533333333333355,65.2666666666669,42.0,0.0,0.0,4.0,1.0,1.0,0.0,4.0,20.0,1.0
2012-03-25,18.2,23.666666666666668,216.89999999999966,1.266666666666666,9.666666666666687,65.13333333333355,48.0,0.0,0.0,31.0,0.0,1.0,0.0,1.0,7.0,0.0
2012-04-01,15.0,12.666666666666666,290.39999999999975,3.8999999999999986,6.033333333333355,67.23333333333356,14.0,0.0,0.0,1.0,2.0,0.0,0.0,0.0,7.0,1.0
2012-04-08,11.8,8.666666666666666,281.23333333333306,1.799999999999998,2.833333333333354,65.93333333333358,4.0,0.0,0.0,0.0,0.0,0.0,0.0,0.0,1.0,1.0
2012-04-15,11.0,7.0,122.43333333333311,1.5999999999999979,7.466666666666687,63.1333333333336,3.0,0.0,0.0,0.0,0.0,0.0,0.0,0.0,2.0,1.0
2012-04-22,11.2,6.0,215.69999999999973,1.8333333333333315,10.30000000000002,60.23333333333361,3.0,1.0,0.0,0.0,0.0,0.0,0.0,0.0,1.0,0.0
2012-04-29,7.8,3.0,159.73333333333312,1.3666666666666654,19.233333333333352,46.60000000000027,2.0,0.0,0.0,1.0,0.0,0.0,0.0,0.0,0.0,0.0
2012-05-06,7.8,1.0,209.0999999999998,1.3333333333333321,10.933333333333364,74.8333333333336,0.0,0.0,0.0,0.0,0.0,0.0,0.0,0.0,0.0,0.0
2012-05-13,9.4,1.0,277.03333333333313,2.333333333333332,12.466666666666697,67.00000000000026,0.0,0.0,0.0,0.0,0.0,0.0,0.0,0.0,0.0,0.0
2012-05-20,8.8,0.3333333333333333,128.59999999999982,2.233333333333332,15.6666666666667,45.033333333333566,1.0,0.0,0.0,0.0,0.0,0.0,0.0,0.0,0.0,0.0
2012-05-27,7.0,0.0,44.89999999999986,1.9999999999999984,17.366666666666692,43.83333333333356,0.0,0.0,0.0,0.0,0.0,0.0,0.0,0.0,0.0,0.0
2012-06-03,6.8,0.0,287.2333333333332,2.566666666666666,10.866666666666688,67.06666666666689,0.0,0.0,0.0,0.0,0.0,0.0,0.0,0.0,0.0,0.0
2012-06-10,9.0,0.3333333333333333,243.79999999999987,1.9999999999999993,16.633333333333358,54.50000000000023,1.0,0.0,0.0,0.0,0.0,0.0,0.0,0.0,0.0,0.0
2012-06-17,7.2,0.3333333333333333,202.76666666666654,1.8666666666666665,16.700000000000028,66.7666666666669,0.0,0.0,0.0,0.0,0.0,0.0,0.0,0.0,0.0,0.0
2012-06-24,8.6,0.6666666666666666,239.76666666666654,2.266666666666667,16.933333333333362,62.966666666666896,0.0,0.0,0.0,0.0,0.0,0.0,0.0,0.0,0.0,0.0
2012-07-01,8.4,0.3333333333333333,229.19999999999993,1.3666666666666671,21.433333333333355,67.93333333333355,0.0,0.0,0.0,0.0,0.0,0.0,0.0,0.0,0.0,0.0
2012-07-08,9.2,0.3333333333333333,215.03333333333322,1.1666666666666676,20.10000000000002,79.50000000000021,0.0,0.0,0.0,0.0,0.0,0.0,0.0,0.0,0.0,0.0
2012-07-15,7.0,0.3333333333333333,227.26666666666657,2.100000000000001,14.700000000000017,79.60000000000021,0.0,0.0,0.0,0.0,0.0,0.0,0.0,0.0,0.0,0.0
2012-07-22,7.0,0.3333333333333333,281.8333333333332,2.400000000000001,14.433333333333351,63.06666666666687,0.0,0.0,0.0,0.0,0.0,0.0,0.0,0.0,0.0,0.0
2012-07-29,5.4,0.3333333333333333,212.86666666666656,0.8666666666666668,20.933333333333348,67.93333333333354,0.0,0.0,0.0,0.0,0.0,0.0,0.0,0.0,0.0,0.0
2012-08-05,4.8,0.0,183.1999999999999,0.4333333333333336,18.400000000000016,77.3000000000002,0.0,0.0,0.0,0.0,0.0,0.0,0.0,0.0,0.0,0.0
2012-08-12,5.0,0.0,127.66666666666657,1.7000000000000004,15.000000000000023,68.33333333333353,1.0,0.0,0.0,1.0,0.0,0.0,0.0,0.0,0.0,0.0
2012-08-19,5.0,0.3333333333333333,204.6333333333332,1.2333333333333336,19.966666666666686,58.76666666666687,0.0,0.0,0.0,0.0,0.0,0.0,0.0,0.0,0.0,0.0
2012-08-26,5.8,0.6666666666666666,181.43333333333328,1.733333333333334,17.00000000000002,75.33333333333356,0.0,0.0,0.0,0.0,0.0,0.0,0.0,0.0,0.0,0.0
2012-09-02,6.6,0.6666666666666666,275.76666666666665,1.2000000000000002,14.90000000000002,75.13333333333357,0.0,0.0,0.0,0.0,0.0,0.0,0.0,0.0,0.0,0.0
2012-09-09,6.6,0.3333333333333333,224.6,2.0000000000000004,16.166666666666686,76.40000000000025,0.0,0.0,0.0,0.0,0.0,0.0,0.0,0.0,0.0,0.0
2012-09-16,5.6,0.0,233.23333333333326,2.566666666666666,14.300000000000018,68.23333333333359,0.0,0.0,0.0,0.0,0.0,0.0,0.0,0.0,0.0,0.0
2012-09-23,9.2,0.0,229.83333333333323,1.8333333333333328,10.66666666666668,65.63333333333361,0.0,0.0,0.0,0.0,0.0,0.0,0.0,0.0,0.0,0.0
2012-09-30,7.6,0.0,235.9666666666666,2.1333333333333324,11.76666666666668,70.26666666666695,0.0,0.0,0.0,0.0,0.0,0.0,0.0,0.0,0.0,0.0
2012-10-07,6.0,0.0,250.4333333333333,2.899999999999999,10.166666666666677,84.13333333333365,0.0,0.0,0.0,0.0,0.0,0.0,0.0,0.0,0.0,0.0
2012-10-14,8.2,0.0,176.49999999999997,2.0333333333333328,8.400000000000011,77.10000000000035,0.0,0.0,0.0,0.0,0.0,0.0,0.0,0.0,0.0,0.0
2012-10-21,8.8,0.0,137.29999999999993,1.4000000000000004,13.100000000000009,75.63333333333365,0.0,0.0,0.0,0.0,0.0,0.0,0.0,0.0,0.0,0.0
2012-10-28,6.6,0.0,225.13333333333324,1.2666666666666668,2.3333333333333433,63.30000000000032,1.0,0.0,0.0,0.0,0.0,0.0,0.0,0.0,1.0,0.0
2012-11-04,10.8,0.3333333333333333,194.46666666666655,2.166666666666666,6.833333333333343,80.26666666666699,1.0,0.0,0.0,0.0,0.0,0.0,0.0,0.0,0.0,0.0
2012-11-11,13.4,0.6666666666666666,203.6999999999999,1.8666666666666663,8.60000000000001,80.5000000000003,1.0,0.0,0.0,0.0,0.0,0.0,0.0,0.0,0.0,0.0
2012-11-18,13.8,0.6666666666666666,165.06666666666652,1.3,2.00000000000001,91.96666666666697,0.0,0.0,0.0,0.0,0.0,0.0,0.0,0.0,0.0,0.0
2012-11-25,13.2,0.3333333333333333,160.1333333333332,1.466666666666667,5.6666666666666785,87.80000000000028,1.0,0.0,0.0,0.0,0.0,0.0,0.0,0.0,0.0,0.0
2012-12-02,12.8,0.6666666666666666,228.93333333333317,1.9333333333333338,0.6666666666666762,86.86666666666697,2.0,1.0,0.0,0.0,0.0,0.0,0.0,0.0,0.0,1.0
2012-12-09,8.6,1.6666666666666667,202.0999999999999,1.866666666666667,-4.466666666666657,86.33333333333366,2.0,0.0,0.0,0.0,0.0,0.0,0.0,0.0,1.0,0.0
2012-12-16,7.8,7.333333333333333,165.53333333333322,2.3000000000000003,0.5666666666666759,88.60000000000025,7.0,0.0,0.0,1.0,2.0,0.0,0.0,0.0,0.0,1.0
2012-12-23,6.4,9.0,87.43333333333324,1.8,-1.9333333333333236,85.8000000000003,6.0,0.0,0.0,0.0,0.0,1.0,0.0,0.0,1.0,1.0
2013-01-06,9.0,8.333333333333334,300.69999999999993,2.533333333333333,7.066666666666674,90.3666666666669,5.0,1.0,0.0,0.0,0.0,0.0,0.0,0.0,2.0,1.0
2013-01-13,16.4,18.0,232.20000000000005,1.766666666666666,-1.2999999999999925,81.73333333333359,20.0,1.0,4.0,1.0,0.0,2.0,0.0,0.0,5.0,3.0
2013-01-20,28.4,43.666666666666664,81.2333333333334,2.366666666666667,-4.166666666666658,75.10000000000029,106.0,8.0,4.0,4.0,8.0,4.0,0.0,4.0,13.0,1.0
2013-01-27,41.4,89.0,168.1333333333334,1.6666666666666667,-5.433333333333326,81.36666666666697,146.0,4.0,12.0,8.0,17.0,4.0,6.0,12.0,43.0,8.0
2013-02-03,57.0,202.66666666666666,272.3333333333334,2.400000000000001,2.566666666666675,79.86666666666694,327.0,17.0,19.0,5.0,23.0,23.0,31.0,25.0,63.0,25.0
2013-02-10,64.0,301.3333333333333,228.83333333333348,1.0666666666666673,-1.4999999999999922,88.36666666666694,448.0,25.0,63.0,16.0,33.0,41.0,47.0,35.0,58.0,11.0
2013-02-17,74.8,362.6666666666667,80.86666666666679,0.6666666666666671,1.1333333333333409,80.96666666666694,324.0,11.0,43.0,8.0,27.0,28.0,43.0,13.0,56.0,18.0
2013-02-24,74.8,349.6666666666667,53.83333333333346,2.7333333333333343,-1.1999999999999922,81.1333333333336,421.0,16.0,23.0,15.0,16.0,32.0,52.0,20.0,54.0,20.0
2013-03-03,71.2,362.6666666666667,279.7000000000001,2.5000000000000013,2.000000000000007,75.90000000000029,415.0,10.0,15.0,10.0,18.0,45.0,67.0,29.0,61.0,19.0
2013-03-10,61.0,342.3333333333333,79.16666666666681,3.2333333333333347,-0.23333333333332718,80.43333333333361,421.0,56.0,22.0,10.0,22.0,36.0,20.0,35.0,82.0,40.0
2013-03-17,56.0,319.0,192.16666666666683,2.5333333333333345,-1.8333333333333266,59.03333333333361,326.0,11.0,12.0,9.0,10.0,58.0,41.0,13.0,86.0,19.0
2013-03-24,44.2,262.6666666666667,71.46666666666681,2.9000000000000017,-3.8333333333333273,56.56666666666694,251.0,3.0,13.0,5.0,14.0,40.0,30.0,24.0,40.0,24.0
2013-03-31,38.4,228.66666666666666,221.66666666666683,1.266666666666668,0.6666666666666728,79.86666666666694,144.0,4.0,8.0,4.0,5.0,15.0,15.0,22.0,20.0,10.0
2013-04-07,35.2,176.33333333333334,216.16666666666683,1.4000000000000012,2.200000000000007,68.43333333333362,83.0,6.0,5.0,2.0,4.0,7.0,1.0,8.0,22.0,9.0
2013-04-14,36.2,120.0,219.2333333333335,1.966666666666668,10.100000000000007,68.56666666666698,90.0,4.0,6.0,2.0,6.0,10.0,11.0,13.0,12.0,8.0
2013-04-21,31.8,78.0,124.53333333333353,2.100000000000002,11.000000000000009,49.66666666666699,53.0,0.0,1.0,0.0,5.0,3.0,1.0,5.0,21.0,3.0
2013-04-28,27.6,43.666666666666664,168.46666666666687,1.533333333333335,11.566666666666677,67.26666666666698,23.0,1.0,1.0,0.0,4.0,1.0,1.0,5.0,6.0,2.0
2013-05-05,22.4,19.666666666666668,217.40000000000018,1.3333333333333348,13.533333333333344,42.96666666666696,7.0,1.0,0.0,1.0,0.0,0.0,0.0,0.0,2.0,1.0
2013-05-12,17.2,10.0,247.46666666666684,1.533333333333335,13.100000000000009,72.06666666666696,2.0,0.0,0.0,0.0,0.0,0.0,0.0,1.0,0.0,0.0
2013-05-19,14.2,5.0,226.73333333333346,1.5000000000000018,17.33333333333334,65.60000000000029,5.0,0.0,0.0,0.0,0.0,0.0,0.0,0.0,5.0,0.0
2013-05-26,13.2,2.3333333333333335,288.0333333333335,1.3000000000000012,10.333333333333345,80.53333333333359,0.0,0.0,0.0,0.0,0.0,0.0,0.0,0.0,0.0,0.0
2013-06-02,12.0,1.3333333333333333,0.0,0.0,14.566666666666677,0.0,1.0,0.0,0.0,0.0,0.0,1.0,0.0,0.0,0.0,0.0
2013-06-09,12.8,0.6666666666666666,130.60000000000016,1.1333333333333346,17.800000000000015,61.70000000000025,0.0,0.0,0.0,0.0,0.0,0.0,0.0,0.0,0.0,0.0
2013-06-16,12.0,1.0,230.9000000000002,2.1333333333333346,16.16666666666669,60.86666666666693,0.0,0.0,0.0,0.0,0.0,0.0,0.0,0.0,0.0,0.0
2013-06-23,7.4,1.3333333333333333,226.03333333333353,2.2666666666666666,19.133333333333354,63.000000000000284,0.0,0.0,0.0,0.0,0.0,0.0,0.0,0.0,0.0,0.0
2013-06-30,7.6,1.0,238.86666666666687,1.9000000000000004,13.86666666666669,74.76666666666695,0.0,0.0,0.0,0.0,0.0,0.0,0.0,0.0,0.0,0.0
2013-07-07,7.8,0.6666666666666666,230.16666666666688,1.4333333333333342,18.733333333333356,62.53333333333361,0.0,0.0,0.0,0.0,0.0,0.0,0.0,0.0,0.0,0.0
2013-07-14,9.0,0.3333333333333333,303.2000000000002,2.300000000000001,17.26666666666669,70.00000000000024,0.0,0.0,0.0,0.0,0.0,0.0,0.0,0.0,0.0,0.0
2013-07-21,8.0,0.3333333333333333,193.3333333333336,1.5333333333333348,20.800000000000015,51.60000000000025,0.0,0.0,0.0,0.0,0.0,0.0,0.0,0.0,0.0,0.0
2013-07-28,9.0,0.3333333333333333,206.30000000000027,0.7666666666666684,26.26666666666667,52.40000000000026,0.0,0.0,0.0,0.0,0.0,0.0,0.0,0.0,0.0,0.0
2013-08-04,10.6,0.3333333333333333,152.80000000000032,1.5000000000000018,23.8,55.03333333333361,0.0,0.0,0.0,0.0,0.0,0.0,0.0,0.0,0.0,0.0
2013-08-11,10.4,0.6666666666666666,250.66666666666706,1.6333333333333346,16.266666666666666,70.60000000000028,1.0,0.0,0.0,0.0,0.0,0.0,0.0,1.0,0.0,0.0
2013-08-18,8.4,0.3333333333333333,182.56666666666706,1.5000000000000016,19.0,57.93333333333363,0.0,0.0,0.0,0.0,0.0,0.0,0.0,0.0,0.0,0.0
2013-08-25,9.2,0.3333333333333333,85.03333333333374,2.6000000000000014,18.600000000000005,53.966666666666946,0.0,0.0,0.0,0.0,0.0,0.0,0.0,0.0,0.0,0.0
2013-09-01,10.0,0.0,265.40000000000043,2.100000000000001,16.533333333333335,61.56666666666695,0.0,0.0,0.0,0.0,0.0,0.0,0.0,0.0,0.0,0.0
2013-09-08,10.2,0.0,112.0333333333338,2.3000000000000007,18.33333333333334,53.23333333333361,0.0,0.0,0.0,0.0,0.0,0.0,0.0,0.0,0.0,0.0
2013-09-15,9.2,0.0,262.53333333333376,1.4333333333333342,14.6,77.63333333333361,0.0,0.0,0.0,0.0,0.0,0.0,0.0,0.0,0.0,0.0
2013-09-22,10.0,0.0,256.73333333333375,1.7333333333333343,13.133333333333331,82.8666666666669,0.0,0.0,0.0,0.0,0.0,0.0,0.0,0.0,0.0,0.0
2013-09-29,11.2,0.0,237.83333333333374,1.8,8.866666666666662,75.30000000000024,0.0,0.0,0.0,0.0,0.0,0.0,0.0,0.0,0.0,0.0
2013-10-06,10.4,0.0,190.90000000000043,1.6666666666666672,10.13333333333333,70.10000000000026,2.0,0.0,0.0,0.0,0.0,2.0,0.0,0.0,0.0,0.0
2013-10-13,9.4,0.0,121.00000000000044,1.8333333333333333,11.033333333333331,86.0333333333336,0.0,0.0,0.0,0.0,0.0,0.0,0.0,0.0,0.0,0.0
2013-10-20,10.4,0.3333333333333333,219.70000000000041,2.1333333333333333,10.066666666666668,76.40000000000028,0.0,0.0,0.0,0.0,0.0,0.0,0.0,0.0,0.0,0.0
2013-10-27,10.4,0.3333333333333333,190.3000000000004,2.4333333333333336,13.4,80.20000000000029,0.0,0.0,0.0,0.0,0.0,0.0,0.0,0.0,0.0,0.0
2013-11-03,9.2,0.3333333333333333,211.00000000000045,2.1999999999999997,9.133333333333336,80.63333333333362,0.0,0.0,0.0,0.0,0.0,0.0,0.0,0.0,0.0,0.0
2013-11-10,10.0,1.0,212.63333333333375,1.7999999999999996,7.800000000000002,81.23333333333362,0.0,0.0,0.0,0.0,0.0,0.0,0.0,0.0,0.0,0.0
2013-11-17,10.8,1.0,174.266666666667,1.0000000000000002,4.000000000000001,86.43333333333366,1.0,0.0,0.0,0.0,0.0,0.0,0.0,0.0,1.0,0.0
2013-11-24,9.8,1.3333333333333333,126.90000000000033,2.0000000000000004,4.400000000000002,86.56666666666702,0.0,0.0,0.0,0.0,0.0,0.0,0.0,0.0,0.0,0.0
2013-12-01,8.8,0.3333333333333333,261.7000000000005,2.566666666666667,4.9666666666666694,86.33333333333366,0.0,0.0,0.0,0.0,0.0,0.0,0.0,0.0,0.0,0.0
2013-12-08,9.4,0.6666666666666666,260.66666666666714,4.099999999999999,1.6333333333333362,82.53333333333366,0.0,0.0,0.0,0.0,0.0,0.0,0.0,0.0,0.0,0.0
2013-12-15,9.6,1.3333333333333333,181.36666666666713,1.9333333333333325,2.100000000000003,91.566666666667,0.0,0.0,0.0,0.0,0.0,0.0,0.0,0.0,0.0,0.0
2013-12-22,8.0,1.3333333333333333,214.2333333333337,3.066666666666666,5.066666666666669,76.13333333333365,1.0,1.0,0.0,0.0,0.0,0.0,0.0,0.0,0.0,0.0
2013-12-29,8.8,1.3333333333333333,206.70000000000041,2.7666666666666657,6.633333333333336,75.3000000000003,0.0,0.0,0.0,0.0,0.0,0.0,0.0,0.0,0.0,0.0
2014-01-05,10.0,0.6666666666666666,196.4000000000004,2.0666666666666664,5.5000000000000036,80.26666666666695,0.0,0.0,0.0,0.0,0.0,0.0,0.0,0.0,0.0,0.0
2014-01-12,10.8,3.0,254.40000000000032,3.5333333333333328,5.300000000000001,73.53333333333362,1.0,0.0,1.0,0.0,0.0,0.0,0.0,0.0,0.0,0.0
2014-01-19,11.8,5.0,133.33333333333363,2.566666666666666,3.1666666666666665,89.16666666666697,3.0,0.0,1.0,0.0,0.0,0.0,0.0,1.0,0.0,0.0
2014-01-26,13.6,9.0,98.13333333333362,2.6,-9.466666666666667,76.46666666666694,10.0,0.0,1.0,1.0,0.0,0.0,0.0,2.0,0.0,4.0
2014-02-02,13.6,9.666666666666666,152.0000000000003,1.9333333333333345,0.3000000000000009,81.46666666666694,4.0,0.0,0.0,0.0,1.0,0.0,0.0,0.0,1.0,0.0
2014-02-09,14.8,20.0,198.03333333333367,3.0000000000000013,6.266666666666668,66.10000000000025,7.0,0.0,2.0,0.0,1.0,0.0,0.0,0.0,1.0,2.0
2014-02-23,13.8,46.0,209.13333333333358,2.1333333333333346,5.833333333333332,72.63333333333361,18.0,0.0,0.0,0.0,1.0,0.0,1.0,1.0,5.0,5.0
2014-03-02,12.6,56.666666666666664,144.9000000000003,1.3333333333333348,5.000000000000001,76.10000000000026,20.0,1.0,1.0,1.0,0.0,1.0,2.0,3.0,3.0,2.0
2014-03-09,12.0,60.666666666666664,175.03333333333353,1.3000000000000018,5.966666666666669,64.10000000000028,21.0,3.0,0.0,2.0,1.0,0.0,0.0,6.0,5.0,2.0
2014-03-16,11.2,56.0,279.7000000000002,3.8000000000000025,7.966666666666669,66.80000000000028,19.0,0.0,3.0,0.0,0.0,0.0,3.0,2.0,7.0,2.0
2014-03-23,11.0,44.666666666666664,227.06666666666683,2.0666666666666687,9.5,67.96666666666695,28.0,7.0,2.0,2.0,0.0,3.0,0.0,1.0,7.0,2.0
2014-03-30,9.0,35.333333333333336,85.43333333333355,1.4333333333333353,9.133333333333336,72.23333333333363,12.0,0.0,0.0,0.0,0.0,0.0,1.0,1.0,5.0,2.0
2014-04-06,9.6,29.0,143.80000000000015,2.0666666666666687,11.200000000000003,63.00000000000032,6.0,0.0,0.0,1.0,1.0,1.0,0.0,0.0,1.0,1.0
2014-04-13,8.6,22.333333333333332,236.7333333333335,1.4666666666666686,10.233333333333336,70.10000000000032,19.0,1.0,1.0,1.0,0.0,1.0,6.0,2.0,3.0,0.0
2014-04-20,7.2,14.0,127.26666666666694,2.0000000000000018,11.866666666666669,67.36666666666702,3.0,0.0,0.0,0.0,0.0,0.0,1.0,0.0,2.0,0.0
2014-04-27,5.8,8.0,81.60000000000028,2.2666666666666684,16.06666666666667,63.46666666666698,1.0,0.0,0.0,0.0,0.0,0.0,0.0,0.0,0.0,1.0
2014-05-04,6.6,4.0,120.73333333333365,1.900000000000002,6.666666666666665,68.13333333333365,2.0,1.0,0.0,0.0,0.0,0.0,0.0,0.0,1.0,0.0
2014-05-11,5.4,3.3333333333333335,230.93333333333365,2.8333333333333344,12.166666666666664,72.90000000000033,1.0,0.0,0.0,0.0,0.0,0.0,0.0,0.0,1.0,0.0
2014-05-18,5.0,3.3333333333333335,126.96666666666697,2.0000000000000004,12.699999999999998,67.00000000000034,0.0,0.0,0.0,0.0,0.0,0.0,0.0,0.0,0.0,0.0
2014-05-25,4.6,3.0,289.20000000000033,1.0000000000000009,18.433333333333334,66.43333333333366,2.0,1.0,0.0,0.0,0.0,0.0,0.0,0.0,1.0,0.0
2014-06-01,5.4,1.6666666666666667,297.0000000000003,2.166666666666668,12.96666666666667,61.866666666666994,1.0,0.0,0.0,0.0,1.0,0.0,0.0,0.0,0.0,0.0
2014-06-08,4.6,1.3333333333333333,194.13333333333367,0.9666666666666676,20.200000000000003,41.766666666666985,0.0,0.0,0.0,0.0,0.0,0.0,0.0,0.0,0.0,0.0
2014-06-15,4.0,0.3333333333333333,306.6000000000003,1.6000000000000008,14.433333333333337,66.10000000000029,0.0,0.0,0.0,0.0,0.0,0.0,0.0,0.0,0.0,0.0
2014-06-22,4.2,0.3333333333333333,281.4333333333337,3.2000000000000006,14.800000000000006,65.30000000000028,1.0,0.0,0.0,0.0,0.0,0.0,0.0,0.0,0.0,0.0
2014-06-29,4.0,0.0,215.53333333333362,1.2333333333333336,16.76666666666667,66.56666666666693,0.0,0.0,0.0,0.0,0.0,0.0,0.0,0.0,0.0,0.0
2014-07-06,3.6,0.0,178.3000000000002,1.2666666666666666,22.33333333333334,50.233333333333626,0.0,0.0,0.0,0.0,0.0,0.0,0.0,0.0,0.0,0.0
2014-07-13,4.8,0.0,199.13333333333358,1.7,17.066666666666674,73.06666666666693,0.0,0.0,0.0,0.0,0.0,0.0,0.0,0.0,0.0,0.0
2014-07-20,5.0,0.0,149.86666666666696,1.066666666666667,24.233333333333345,48.60000000000026,0.0,0.0,0.0,0.0,0.0,0.0,0.0,0.0,0.0,0.0
2014-07-27,4.8,0.3333333333333333,118.06666666666695,0.9000000000000004,20.533333333333346,73.06666666666692,0.0,0.0,0.0,0.0,0.0,0.0,0.0,0.0,0.0,0.0
2014-08-03,5.0,0.3333333333333333,168.83333333333368,1.4333333333333336,21.50000000000001,64.30000000000025,0.0,0.0,0.0,0.0,0.0,0.0,0.0,0.0,0.0,0.0
2014-08-10,4.8,0.3333333333333333,209.1000000000004,1.0666666666666667,19.333333333333336,64.93333333333361,0.0,0.0,0.0,0.0,0.0,0.0,0.0,0.0,0.0,0.0
2014-08-17,3.6,0.0,248.06666666666698,2.233333333333334,15.500000000000009,73.13333333333364,0.0,0.0,0.0,0.0,0.0,0.0,0.0,0.0,0.0,0.0
2014-08-24,4.6,0.3333333333333333,243.76666666666702,2.1333333333333346,14.000000000000012,63.43333333333363,1.0,0.0,0.0,0.0,0.0,1.0,0.0,0.0,0.0,0.0
2014-08-31,5.6,0.3333333333333333,235.70000000000036,1.233333333333335,16.00000000000001,74.10000000000029,0.0,0.0,0.0,0.0,0.0,0.0,0.0,0.0,0.0,0.0
2014-09-07,7.6,0.3333333333333333,159.2000000000003,1.5333333333333343,19.73333333333334,66.3000000000003,0.0,0.0,0.0,0.0,0.0,0.0,0.0,0.0,0.0,0.0
2014-09-14,7.0,0.3333333333333333,8.933333333333657,1.9666666666666675,16.700000000000006,86.20000000000032,2.0,0.0,0.0,1.0,0.0,0.0,0.0,0.0,0.0,0.0
2014-09-21,9.0,1.0,196.10000000000028,1.166666666666667,15.400000000000011,85.70000000000032,0.0,0.0,0.0,0.0,0.0,0.0,0.0,0.0,0.0,0.0
2014-09-28,9.6,1.0,245.2333333333336,1.9000000000000004,13.033333333333344,77.93333333333365,1.0,0.0,0.0,0.0,0.0,0.0,1.0,0.0,0.0,0.0
2014-10-05,9.0,0.6666666666666666,122.93333333333361,1.900000000000001,13.03333333333334,73.76666666666695,0.0,0.0,0.0,0.0,0.0,0.0,0.0,0.0,0.0,0.0
2014-10-12,9.6,0.0,186.56666666666692,0.7333333333333348,14.000000000000014,84.70000000000029,2.0,0.0,0.0,0.0,0.0,0.0,0.0,0.0,0.0,1.0
2014-10-19,11.6,0.3333333333333333,216.83333333333363,2.0000000000000013,13.60000000000001,83.83333333333361,0.0,0.0,0.0,0.0,0.0,0.0,0.0,0.0,0.0,0.0
2014-10-26,10.6,0.6666666666666666,165.80000000000032,2.000000000000001,8.433333333333346,89.06666666666695,1.0,0.0,0.0,0.0,0.0,1.0,0.0,0.0,0.0,0.0
2014-11-02,10.4,0.6666666666666666,183.60000000000028,1.8000000000000014,11.000000000000016,84.46666666666697,0.0,0.0,0.0,0.0,0.0,0.0,0.0,0.0,0.0,0.0
2014-11-09,11.4,0.3333333333333333,169.50000000000023,1.8000000000000016,7.0000000000000115,84.4000000000003,3.0,0.0,1.0,2.0,0.0,0.0,0.0,0.0,0.0,0.0
2014-11-16,9.8,0.3333333333333333,105.13333333333361,2.466666666666668,9.60000000000001,84.70000000000029,0.0,0.0,0.0,0.0,0.0,0.0,0.0,0.0,0.0,0.0
2014-11-23,10.4,1.3333333333333333,163.70000000000033,1.833333333333335,5.466666666666678,80.73333333333365,0.0,0.0,0.0,0.0,0.0,0.0,0.0,0.0,0.0,0.0
2014-11-30,10.4,2.0,97.53333333333364,3.3000000000000007,-0.43333333333332247,74.60000000000035,0.0,0.0,0.0,0.0,0.0,0.0,0.0,0.0,0.0,0.0
2014-12-07,9.0,2.0,213.03333333333367,1.2999999999999996,2.6000000000000107,85.80000000000034,0.0,0.0,0.0,0.0,0.0,0.0,0.0,0.0,0.0,0.0
2014-12-14,9.2,3.3333333333333335,223.06666666666703,2.566666666666666,4.900000000000012,79.266666666667,6.0,0.0,0.0,0.0,0.0,0.0,0.0,1.0,0.0,4.0
2014-12-21,9.0,9.0,253.00000000000034,4.1000000000000005,6.5000000000000115,80.60000000000036,4.0,0.0,0.0,0.0,1.0,0.0,1.0,0.0,1.0,0.0
2014-12-28,7.0,13.666666666666666,236.06666666666698,1.2666666666666655,-3.3666666666666565,84.7000000000004,7.0,0.0,0.0,0.0,1.0,0.0,0.0,0.0,0.0,3.0
2015-01-04,6.0,16.666666666666668,264.8333333333337,4.133333333333333,4.233333333333344,72.90000000000042,1.0,0.0,1.0,0.0,0.0,0.0,0.0,0.0,0.0,0.0
2015-01-11,8.4,22.333333333333332,261.23333333333375,4.5666666666666655,5.7666666666666755,77.03333333333372,9.0,0.0,1.0,0.0,0.0,0.0,0.0,0.0,5.0,1.0
2015-01-18,12.2,39.666666666666664,220.96666666666712,1.7999999999999987,3.133333333333343,80.03333333333373,33.0,6.0,1.0,0.0,1.0,5.0,0.0,0.0,9.0,9.0
2015-01-25,17.2,63.666666666666664,164.43333333333382,1.5999999999999985,0.16666666666667584,83.70000000000043,54.0,5.0,0.0,1.0,2.0,1.0,3.0,1.0,9.0,10.0
2015-02-01,26.0,103.66666666666667,239.66666666666717,2.1333333333333315,0.4000000000000088,87.70000000000043,109.0,11.0,8.0,0.0,2.0,15.0,3.0,5.0,25.0,14.0
2015-02-08,35.4,143.66666666666666,211.93333333333382,2.4666666666666655,-1.3333333333333244,76.43333333333378,159.0,14.0,12.0,5.0,6.0,16.0,3.0,6.0,26.0,27.0
2015-02-15,51.6,218.0,126.16666666666701,1.8333333333333315,1.0333333333333414,75.06666666666709,239.0,21.0,9.0,2.0,10.0,13.0,12.0,11.0,67.0,26.0
2015-02-22,62.6,303.6666666666667,216.6333333333337,2.233333333333332,3.2666666666666746,67.90000000000043,343.0,15.0,9.0,10.0,20.0,9.0,24.0,53.0,58.0,28.0
2015-03-01,69.2,396.0,209.6000000000004,1.866666666666666,3.1333333333333413,71.70000000000044,521.0,23.0,10.0,16.0,13.0,35.0,31.0,50.0,134.0,40.0
2015-03-08,70.4,433.0,215.9333333333337,2.333333333333332,7.200000000000007,63.36666666666711,428.0,11.0,13.0,13.0,34.0,23.0,24.0,56.0,55.0,76.0
2015-03-15,69.4,416.6666666666667,52.03333333333375,2.066666666666666,4.00000000000001,79.26666666666712,420.0,8.0,16.0,16.0,25.0,28.0,22.0,31.0,123.0,42.0
2015-03-22,55.6,348.6666666666667,200.16666666666706,1.5333333333333314,2.8666666666666742,59.23333333333377,232.0,9.0,8.0,21.0,12.0,20.0,15.0,18.0,37.0,22.0
2015-03-29,40.8,259.0,232.9333333333337,2.333333333333331,7.533333333333341,77.43333333333375,146.0,7.0,5.0,11.0,14.0,15.0,9.0,8.0,17.0,10.0
2015-04-05,31.6,170.33333333333334,311.9666666666671,2.0333333333333328,3.8333333333333424,58.83333333333376,75.0,9.0,6.0,5.0,4.0,8.0,3.0,1.0,21.0,5.0
2015-04-12,22.8,99.66666666666667,213.60000000000045,1.7333333333333327,11.900000000000007,53.733333333333746,54.0,0.0,1.0,0.0,4.0,6.0,1.0,1.0,22.0,4.0
2015-04-19,15.4,61.333333333333336,322.20000000000044,1.7666666666666657,6.90000000000001,58.36666666666709,31.0,0.0,0.0,2.0,1.0,5.0,2.0,0.0,4.0,5.0
2015-04-26,10.0,35.666666666666664,227.53333333333362,1.8999999999999992,13.733333333333347,58.70000000000042,20.0,2.0,1.0,1.0,1.0,3.0,0.0,1.0,3.0,1.0
2015-05-03,8.4,25.0,230.56666666666698,1.966666666666666,9.833333333333348,57.86666666666708,4.0,0.0,2.0,1.0,1.0,0.0,0.0,0.0,0.0,0.0
2015-05-10,5.2,14.666666666666666,212.0000000000003,1.6666666666666659,13.33333333333335,60.63333333333376,13.0,2.0,0.0,3.0,1.0,0.0,0.0,1.0,4.0,0.0
2015-05-17,3.8,9.666666666666666,281.566666666667,2.266666666666666,10.30000000000002,64.53333333333377,2.0,0.0,0.0,1.0,0.0,0.0,0.0,0.0,0.0,0.0
2015-05-24,3.4,6.666666666666667,295.26666666666694,1.233333333333334,13.533333333333351,55.766666666667085,1.0,0.0,0.0,1.0,0.0,0.0,0.0,0.0,0.0,0.0
2015-05-31,6.0,4.333333333333333,229.50000000000023,2.3666666666666667,13.933333333333346,56.46666666666707,0.0,0.0,0.0,0.0,0.0,0.0,0.0,0.0,0.0,0.0
2015-06-07,7.0,3.0,243.20000000000024,1.4333333333333336,20.63333333333335,41.33333333333374,1.0,0.0,0.0,0.0,0.0,0.0,0.0,0.0,1.0,0.0
2015-06-14,7.4,0.6666666666666666,175.73333333333358,1.4000000000000006,19.400000000000006,63.133333333333745,1.0,0.0,0.0,0.0,0.0,0.0,1.0,0.0,0.0,0.0
2015-06-21,7.2,1.0,270.9666666666669,2.300000000000001,13.0,70.90000000000039,1.0,0.0,0.0,0.0,1.0,0.0,0.0,0.0,0.0,0.0
2015-06-28,6.4,0.3333333333333333,256.80000000000024,1.3666666666666674,17.1,70.43333333333372,0.0,0.0,0.0,0.0,0.0,0.0,0.0,0.0,0.0,0.0
2015-07-05,6.0,0.3333333333333333,187.90000000000032,1.2333333333333343,26.5,44.7333333333337,0.0,0.0,0.0,0.0,0.0,0.0,0.0,0.0,0.0,0.0
2015-07-12,5.6,0.0,273.30000000000024,1.9000000000000015,15.666666666666664,58.633333333333724,0.0,0.0,0.0,0.0,0.0,0.0,0.0,0.0,0.0,0.0
2015-07-19,5.8,0.0,266.56666666666695,1.1333333333333344,20.233333333333338,61.26666666666705,1.0,0.0,0.0,0.0,0.0,0.0,0.0,0.0,0.0,0.0
2015-07-26,5.4,0.0,185.50000000000014,2.600000000000001,18.666666666666668,56.10000000000037,0.0,0.0,0.0,0.0,0.0,0.0,0.0,0.0,0.0,0.0
2015-08-02,6.2,0.3333333333333333,122.80000000000014,1.5000000000000016,16.933333333333326,48.63333333333372,0.0,0.0,0.0,0.0,0.0,0.0,0.0,0.0,0.0,0.0
2015-08-09,5.6,0.3333333333333333,159.00000000000009,1.733333333333335,24.53333333333333,52.00000000000038,0.0,0.0,0.0,0.0,0.0,0.0,0.0,0.0,0.0,0.0
2015-08-16,5.2,0.3333333333333333,239.70000000000007,1.7000000000000017,24.23333333333333,64.46666666666704,0.0,0.0,0.0,0.0,0.0,0.0,0.0,0.0,0.0,0.0
2015-08-23,4.8,0.0,91.1666666666667,1.9666666666666686,18.566666666666663,39.80000000000038,0.0,0.0,0.0,0.0,0.0,0.0,0.0,0.0,0.0,0.0
2015-08-30,5.2,0.3333333333333333,196.93333333333348,1.2333333333333354,17.533333333333328,66.33333333333374,0.0,0.0,0.0,0.0,0.0,0.0,0.0,0.0,0.0,0.0
2015-09-06,5.2,0.3333333333333333,248.70000000000013,2.9666666666666686,12.83333333333333,74.90000000000042,0.0,0.0,0.0,0.0,0.0,0.0,0.0,0.0,0.0,0.0
2015-09-13,6.6,0.3333333333333333,112.96666666666677,2.0666666666666678,15.699999999999998,74.33333333333378,0.0,0.0,0.0,0.0,0.0,0.0,0.0,0.0,0.0,0.0
2015-09-20,7.0,0.3333333333333333,242.76666666666677,2.066666666666668,13.299999999999997,77.53333333333377,0.0,0.0,0.0,0.0,0.0,0.0,0.0,0.0,0.0,0.0
2015-09-27,7.0,0.6666666666666666,307.9666666666667,1.4333333333333347,11.033333333333324,71.96666666666711,0.0,0.0,0.0,0.0,0.0,0.0,0.0,0.0,0.0,0.0
2015-10-04,8.0,0.6666666666666666,221.26666666666674,1.033333333333335,10.866666666666658,61.300000000000445,1.0,0.0,0.0,0.0,0.0,0.0,0.0,0.0,0.0,0.0
2015-10-11,7.8,0.6666666666666666,82.36666666666675,2.3333333333333344,6.633333333333325,56.2666666666671,2.0,0.0,0.0,1.0,0.0,0.0,0.0,0.0,1.0,0.0
2015-10-18,5.6,0.6666666666666666,272.13333333333344,0.9666666666666682,7.566666666666658,89.16666666666713,0.0,0.0,0.0,0.0,0.0,0.0,0.0,0.0,0.0,0.0
2015-10-25,6.0,1.3333333333333333,236.60000000000005,2.1000000000000014,8.899999999999993,82.20000000000044,1.0,0.0,0.0,0.0,0.0,0.0,0.0,0.0,0.0,0.0
2015-11-01,7.6,1.6666666666666667,160.30000000000004,1.4666666666666677,8.366666666666658,78.66666666666714,0.0,0.0,0.0,0.0,0.0,0.0,0.0,0.0,0.0,0.0
2015-11-08,7.8,2.0,225.6666666666667,2.200000000000001,12.666666666666655,81.90000000000047,1.0,0.0,0.0,0.0,0.0,0.0,0.0,0.0,0.0,0.0
2015-11-15,8.0,1.6666666666666667,238.0666666666667,3.1,9.299999999999988,79.53333333333379,0.0,0.0,0.0,0.0,0.0,0.0,0.0,0.0,0.0,0.0
2015-11-22,8.4,2.0,248.86666666666665,2.266666666666667,4.466666666666656,82.40000000000046,5.0,1.0,0.0,0.0,0.0,0.0,0.0,0.0,1.0,0.0
2015-11-29,10.4,1.3333333333333333,207.4333333333334,2.5999999999999996,2.2666666666666564,87.20000000000044,2.0,0.0,0.0,0.0,0.0,0.0,0.0,0.0,0.0,0.0
2015-12-06,8.8,1.6666666666666667,218.9333333333334,3.599999999999999,7.099999999999992,71.33333333333375,2.0,0.0,0.0,0.0,0.0,0.0,0.0,0.0,0.0,0.0
2015-12-13,8.4,2.3333333333333335,241.70000000000013,3.133333333333333,4.566666666666656,81.06666666666707,9.0,0.0,0.0,0.0,0.0,1.0,0.0,3.0,1.0,1.0
2015-12-20,8.2,4.333333333333333,213.83333333333346,2.3666666666666667,9.233333333333322,83.66666666666704,2.0,0.0,0.0,0.0,0.0,0.0,0.0,0.0,0.0,0.0
2015-12-27,9.0,6.0,230.73333333333343,3.1999999999999997,10.599999999999989,71.9333333333337,4.0,0.0,1.0,0.0,1.0,0.0,0.0,1.0,1.0,0.0
2016-01-03,7.8,7.333333333333333,134.7333333333334,2.7000000000000006,-3.9000000000000115,81.83333333333373,2.0,0.0,0.0,0.0,0.0,1.0,0.0,0.0,0.0,0.0
2016-01-03,7.8,7.333333333333333,134.7333333333334,2.7000000000000006,-3.9000000000000115,81.83333333333373,4.0,0.0,0.0,0.0,1.0,0.0,1.0,0.0,0.0,1.0
2016-01-03,9.4,10.333333333333334,134.7333333333334,2.7000000000000006,-3.9000000000000115,81.83333333333373,2.0,0.0,0.0,0.0,0.0,1.0,0.0,0.0,0.0,0.0
2016-01-03,9.4,10.333333333333334,134.7333333333334,2.7000000000000006,-3.9000000000000115,81.83333333333373,4.0,0.0,0.0,0.0,1.0,0.0,1.0,0.0,0.0,1.0
2016-01-10,9.6,28.0,182.26666666666677,2.1333333333333333,0.6333333333333203,82.06666666666706,22.0,3.0,1.0,0.0,0.0,1.0,3.0,2.0,3.0,3.0
2016-01-17,10.4,54.0,203.26666666666674,0.9333333333333339,-0.6333333333333462,86.63333333333372,41.0,6.0,0.0,1.0,1.0,2.0,3.0,2.0,5.0,6.0
2016-01-24,13.4,114.66666666666667,207.13333333333333,1.8333333333333333,-2.1333333333333475,84.80000000000037,112.0,10.0,2.0,3.0,3.0,5.0,6.0,10.0,38.0,16.0
2016-01-31,20.6,196.33333333333334,229.76666666666657,3.7333333333333343,5.43333333333332,71.30000000000037,102.0,7.0,6.0,2.0,6.0,14.0,6.0,8.0,23.0,6.0
2016-02-07,22.6,257.3333333333333,201.7333333333332,2.500000000000001,5.4666666666666535,79.10000000000035,143.0,7.0,9.0,4.0,12.0,24.0,12.0,9.0,21.0,18.0
2016-02-14,32.6,299.6666666666667,142.79999999999987,1.6666666666666685,2.0666666666666527,79.90000000000032,249.0,36.0,9.0,12.0,14.0,15.0,21.0,10.0,26.0,17.0
2016-02-21,45.0,350.0,243.83333333333317,2.5666666666666687,4.433333333333319,80.40000000000029,428.0,12.0,12.0,15.0,25.0,32.0,124.0,44.0,18.0,33.0
2016-02-28,48.0,429.0,128.39999999999978,1.7000000000000026,1.5666666666666529,69.73333333333365,428.0,16.0,10.0,26.0,36.0,54.0,69.0,45.0,48.0,35.0
2016-03-06,52.6,545.6666666666666,181.1666666666665,1.7666666666666693,3.933333333333319,74.06666666666699,569.0,63.0,9.0,14.0,31.0,58.0,98.0,29.0,105.0,64.0
2016-03-13,60.2,583.6666666666666,32.26666666666644,1.700000000000003,2.799999999999986,74.33333333333364,540.0,42.0,9.0,35.0,68.0,62.0,57.0,23.0,81.0,49.0
2016-03-20,56.6,522.6666666666666,277.7999999999998,2.1000000000000028,5.066666666666651,79.10000000000029,394.0,31.0,6.0,11.0,30.0,45.0,34.0,16.0,54.0,87.0
2016-03-27,46.0,369.0,223.2333333333331,1.6333333333333346,7.533333333333318,75.23333333333363,258.0,14.0,4.0,10.0,20.0,16.0,67.0,4.0,55.0,20.0
2016-04-03,43.8,228.66666666666666,208.99999999999974,1.7666666666666673,9.633333333333319,47.733333333333654,147.0,13.0,3.0,4.0,15.0,18.0,13.0,4.0,35.0,14.0
2016-04-10,34.4,150.66666666666666,130.2999999999997,1.3000000000000003,7.999999999999983,57.56666666666698,118.0,30.0,1.0,2.0,5.0,12.0,2.0,4.0,22.0,5.0
2016-04-17,26.4,92.0,221.43333333333294,2.266666666666667,8.533333333333319,77.63333333333365,59.0,14.0,0.0,3.0,4.0,7.0,6.0,2.0,9.0,3.0
2016-04-24,21.8,50.333333333333336,289.9999999999996,2.366666666666667,6.399999999999984,62.63333333333364,68.0,12.0,0.0,22.0,0.0,7.0,10.0,2.0,7.0,1.0
2016-05-01,19.8,24.666666666666668,125.69999999999965,2.1,11.06666666666665,46.03333333333362,11.0,0.0,0.0,0.0,0.0,1.0,2.0,0.0,3.0,0.0
2016-05-08,16.2,15.666666666666666,112.69999999999965,2.4,17.76666666666665,40.033333333333644,39.0,33.0,0.0,0.0,0.0,2.0,2.0,0.0,0.0,0.0
2016-05-15,12.4,8.0,189.19999999999968,3.0333333333333337,11.466666666666649,58.93333333333364,5.0,0.0,0.0,0.0,0.0,0.0,0.0,0.0,0.0,2.0
2016-05-22,9.8,3.6666666666666665,213.86666666666633,1.9333333333333336,18.666666666666654,50.733333333333654,0.0,0.0,0.0,0.0,0.0,0.0,0.0,0.0,0.0,0.0
2016-05-29,8.6,1.0,134.8666666666663,1.4000000000000006,17.899999999999984,65.56666666666699,64.0,64.0,0.0,0.0,0.0,0.0,0.0,0.0,0.0,0.0
2016-06-05,7.4,0.6666666666666666,55.93333333333299,1.4666666666666675,20.633333333333322,54.33333333333366,0.0,0.0,0.0,0.0,0.0,0.0,0.0,0.0,0.0,0.0
2016-06-12,6.2,0.6666666666666666,130.3999999999997,1.9333333333333342,16.233333333333324,50.966666666667,1.0,1.0,0.0,0.0,0.0,0.0,0.0,0.0,0.0,0.0
2016-06-19,6.2,0.0,263.53333333333296,1.8666666666666671,15.733333333333325,76.83333333333366,0.0,0.0,0.0,0.0,0.0,0.0,0.0,0.0,0.0,0.0
2016-06-26,6.2,0.0,236.89999999999964,1.3666666666666671,23.23333333333332,58.43333333333367,0.0,0.0,0.0,0.0,0.0,0.0,0.0,0.0,0.0,0.0
2016-07-03,5.8,0.3333333333333333,236.19999999999973,2.1000000000000005,18.299999999999986,61.16666666666703,0.0,0.0,0.0,0.0,0.0,0.0,0.0,0.0,0.0,0.0
2016-07-10,7.0,0.6666666666666666,243.93333333333308,2.300000000000001,20.066666666666652,56.16666666666703,0.0,0.0,0.0,0.0,0.0,0.0,0.0,0.0,0.0,0.0
2016-07-17,7.0,0.6666666666666666,284.13333333333304,1.9333333333333338,16.96666666666665,71.66666666666707,0.0,0.0,0.0,0.0,0.0,0.0,0.0,0.0,0.0,0.0
2016-07-24,6.0,1.6666666666666667,85.76666666666644,1.6666666666666672,22.43333333333332,52.100000000000385,0.0,0.0,0.0,0.0,0.0,0.0,0.0,0.0,0.0,0.0
2016-07-31,6.4,1.3333333333333333,262.6999999999999,1.4000000000000006,19.66666666666665,69.13333333333371,0.0,0.0,0.0,0.0,0.0,0.0,0.0,0.0,0.0,0.0
2016-08-07,5.0,1.3333333333333333,252.19999999999973,1.8333333333333346,17.29999999999998,71.1000000000004,0.0,0.0,0.0,0.0,0.0,0.0,0.0,0.0,0.0,0.0
2016-08-14,5.4,0.0,260.8333333333331,2.133333333333334,18.199999999999978,68.90000000000042,0.0,0.0,0.0,0.0,0.0,0.0,0.0,0.0,0.0,0.0
2016-08-21,7.0,0.0,257.83333333333314,1.033333333333334,17.83333333333331,71.26666666666709,0.0,0.0,0.0,0.0,0.0,0.0,0.0,0.0,0.0,0.0
2016-08-28,7.6,0.0,131.19999999999982,1.5666666666666664,23.499999999999982,51.63333333333376,0.0,0.0,0.0,0.0,0.0,0.0,0.0,0.0,0.0,0.0
2016-09-04,7.6,0.0,251.93333333333317,1.2999999999999996,18.333333333333314,64.63333333333375,1.0,0.0,0.0,0.0,0.0,1.0,0.0,0.0,0.0,0.0
2016-09-11,8.2,0.0,136.4999999999998,1.1333333333333329,20.73333333333331,61.56666666666708,0.0,0.0,0.0,0.0,0.0,0.0,0.0,0.0,0.0,0.0
2016-09-18,7.2,0.0,53.99999999999983,1.6999999999999993,17.76666666666665,64.50000000000041,0.0,0.0,0.0,0.0,0.0,0.0,0.0,0.0,0.0,0.0
2016-09-25,6.8,0.0,209.7666666666665,1.3333333333333333,14.266666666666657,61.53333333333376,0.0,0.0,0.0,0.0,0.0,0.0,0.0,0.0,0.0,0.0
2016-10-02,11.2,0.0,206.16666666666652,1.5,13.299999999999988,81.50000000000041,0.0,0.0,0.0,0.0,0.0,0.0,0.0,0.0,0.0,0.0
2016-10-09,10.4,0.3333333333333333,214.46666666666655,1.7,8.933333333333323,85.93333333333379,1.0,0.0,0.0,0.0,0.0,0.0,0.0,0.0,0.0,0.0
2016-10-16,11.4,0.6666666666666666,112.73333333333318,2.1666666666666665,8.533333333333324,83.76666666666718,0.0,0.0,0.0,0.0,0.0,0.0,0.0,0.0,0.0,0.0
2016-10-23,13.6,0.6666666666666666,158.2666666666665,1.1000000000000003,0.0,86.36666666666717,0.0,0.0,0.0,0.0,0.0,0.0,0.0,0.0,0.0,0.0
2016-10-30,14.2,1.0,276.7333333333332,2.733333333333333,9.033333333333324,79.56666666666716,0.0,0.0,0.0,0.0,0.0,0.0,0.0,0.0,0.0,0.0
2016-11-06,11.8,1.0,201.46666666666647,1.5999999999999999,5.366666666666657,85.46666666666711,3.0,0.0,2.0,0.0,0.0,0.0,0.0,0.0,1.0,0.0
2016-11-13,15.0,2.6666666666666665,94.43333333333312,0.9999999999999997,-1.5666666666666769,80.33333333333383,6.0,0.0,1.0,0.0,0.0,0.0,0.0,0.0,1.0,0.0
2016-11-20,13.8,5.0,188.49999999999986,2.766666666666666,6.566666666666656,80.80000000000052,2.0,0.0,0.0,0.0,0.0,0.0,0.0,0.0,1.0,0.0
2016-11-27,12.6,7.666666666666667,272.73333333333323,1.7999999999999998,2.2666666666666573,88.06666666666717,3.0,1.0,0.0,0.0,0.0,0.0,2.0,0.0,0.0,0.0
2016-12-04,11.4,12.0,273.46666666666647,1.8333333333333337,0.533333333333324,81.9000000000005,15.0,1.0,1.0,0.0,2.0,1.0,2.0,0.0,6.0,0.0
2016-12-11,11.2,22.333333333333332,256.8999999999998,3.0,7.966666666666657,84.93333333333383,19.0,1.0,2.0,1.0,0.0,8.0,1.0,0.0,3.0,1.0
2016-12-18,9.2,38.333333333333336,227.13333333333313,1.566666666666667,1.1666666666666572,87.53333333333381,24.0,0.0,1.0,0.0,3.0,6.0,3.0,0.0,3.0,2.0
2016-12-25,13.2,57.0,233.06666666666646,3.0333333333333328,4.766666666666657,87.53333333333381,34.0,1.0,1.0,2.0,1.0,12.0,5.0,0.0,2.0,1.0
2017-01-01,16.8,85.0,225.13333333333313,1.999999999999999,0.36666666666665765,80.8333333333338,51.0,3.0,7.0,4.0,2.0,10.0,0.0,0.0,16.0,0.0
2017-01-08,21.0,132.33333333333334,223.26666666666642,1.2333333333333314,-4.9333333333333425,80.80000000000042,76.0,3.0,8.0,9.0,4.0,12.0,0.0,0.0,20.0,0.0
2017-01-15,28.2,202.0,269.39999999999975,1.8999999999999977,0.5999999999999912,86.30000000000041,213.0,10.0,9.0,70.0,11.0,26.0,0.0,11.0,27.0,0.0
2017-01-22,36.4,336.6666666666667,197.26666666666634,1.3333333333333313,0.4666666666666581,83.46666666666704,366.0,21.0,23.0,77.0,27.0,55.0,0.0,33.0,49.0,0.0
2017-01-29,44.8,455.6666666666667,156.53333333333296,1.966666666666665,-1.7666666666666753,68.06666666666703,451.0,12.0,46.0,44.0,22.0,49.0,0.0,22.0,129.0,0.0
2017-02-05,59.2,552.3333333333334,112.73333333333295,1.7999999999999978,1.5999999999999917,92.83333333333371,481.0,22.0,37.0,48.0,30.0,47.0,0.0,36.0,65.0,0.0
2017-02-12,67.4,531.6666666666666,89.96666666666628,2.899999999999998,-2.266666666666674,65.3333333333337,559.0,26.0,27.0,37.0,46.0,55.0,0.0,59.0,85.0,0.0
2017-02-19,66.6,479.0,249.79999999999959,2.4999999999999982,4.033333333333325,86.50000000000034,427.0,14.0,15.0,32.0,42.0,63.0,0.0,38.0,57.0,0.0
2017-02-26,61.0,372.0,247.1666666666662,2.9999999999999987,4.999999999999992,70.53333333333364,263.0,14.0,19.0,14.0,22.0,23.0,0.0,18.0,63.0,0.0
2017-03-05,54.2,249.0,189.23333333333278,2.066666666666665,8.266666666666657,59.63333333333362,128.0,2.0,12.0,7.0,4.0,6.0,0.0,10.0,39.0,0.0
2017-03-12,40.4,134.0,243.8333333333328,1.6999999999999984,4.399999999999991,76.76666666666695,56.0,2.0,3.0,4.0,3.0,3.0,0.0,12.0,18.0,0.0
2017-03-19,27.8,62.333333333333336,251.3666666666661,2.6666666666666656,5.8999999999999915,72.30000000000031,28.0,2.0,1.0,1.0,2.0,3.0,0.0,0.0,8.0,0.0
2017-03-26,20.6,34.0,207.13333333333276,1.266666666666665,6.599999999999992,55.86666666666699,24.0,0.0,2.0,0.0,0.0,2.0,0.0,2.0,9.0,0.0
2017-04-02,16.8,19.333333333333332,244.19999999999945,1.6666666666666654,14.699999999999994,59.86666666666698,10.0,1.0,0.0,1.0,1.0,2.0,0.0,0.0,2.0,0.0
2017-04-09,12.4,8.333333333333334,271.86666666666605,2.3333333333333317,10.899999999999991,69.20000000000032,1.0,0.0,0.0,0.0,0.0,0.0,0.0,0.0,0.0,0.0
2017-04-16,6.8,5.666666666666667,267.96666666666613,2.799999999999999,7.466666666666659,72.16666666666697,0.0,0.0,0.0,0.0,0.0,0.0,0.0,0.0,0.0,0.0
2017-04-23,8.0,3.0,277.9333333333329,3.5999999999999996,7.66666666666666,66.40000000000032,4.0,0.0,0.0,0.0,0.0,0.0,0.0,0.0,3.0,0.0
2017-04-30,7.0,2.3333333333333335,184.7999999999995,1.599999999999999,7.533333333333325,58.80000000000033,0.0,0.0,0.0,0.0,0.0,0.0,0.0,0.0,0.0,0.0
2017-05-07,7.0,1.3333333333333333,243.79999999999953,1.2333333333333323,0.0,77.10000000000032,8.0,0.0,1.0,0.0,0.0,1.0,0.0,0.0,5.0,0.0
2017-05-14,6.4,2.3333333333333335,168.39999999999955,1.433333333333333,0.0,71.43333333333366,1.0,0.0,0.0,0.0,0.0,0.0,0.0,0.0,0.0,0.0
2017-05-21,10.4,2.0,254.96666666666624,1.933333333333333,17.69999999999999,55.20000000000032,2.0,0.0,0.0,1.0,0.0,0.0,0.0,0.0,0.0,0.0
2017-05-28,10.4,2.0,212.19999999999956,1.6666666666666654,19.39999999999999,53.900000000000325,0.0,0.0,0.0,0.0,0.0,0.0,0.0,0.0,0.0,0.0
2017-06-04,9.8,1.0,245.99999999999955,1.3999999999999992,16.49999999999999,60.36666666666698,0.0,0.0,0.0,0.0,0.0,0.0,0.0,0.0,0.0,0.0
2017-06-11,9.8,1.3333333333333333,232.3999999999996,1.7666666666666664,19.266666666666655,55.23333333333364,0.0,0.0,0.0,0.0,0.0,0.0,0.0,0.0,0.0,0.0
2017-06-18,11.2,1.3333333333333333,290.9999999999995,2.6666666666666665,17.066666666666652,67.30000000000034,1.0,0.0,0.0,0.0,0.0,0.0,0.0,0.0,0.0,0.0
2017-06-25,8.2,1.3333333333333333,263.3999999999996,2.600000000000001,18.56666666666666,72.50000000000034,1.0,0.0,0.0,0.0,0.0,1.0,0.0,0.0,0.0,0.0
2017-07-02,6.6,0.6666666666666666,264.8333333333329,2.8666666666666676,15.36666666666666,85.70000000000034,0.0,0.0,0.0,0.0,0.0,0.0,0.0,0.0,0.0,0.0
2017-07-09,8.8,0.3333333333333333,261.7999999999995,1.1666666666666676,18.466666666666665,73.36666666666703,1.0,0.0,0.0,0.0,0.0,0.0,0.0,0.0,0.0,0.0
2017-07-16,8.4,0.0,260.06666666666615,1.4000000000000012,15.933333333333328,66.66666666666704,0.0,0.0,0.0,0.0,0.0,0.0,0.0,0.0,0.0,0.0
2017-07-23,7.0,0.0,209.2666666666662,1.3000000000000016,19.866666666666656,75.30000000000037,0.0,0.0,0.0,0.0,0.0,0.0,0.0,0.0,0.0,0.0
2017-07-30,8.8,0.0,223.3666666666662,2.2666666666666684,19.799999999999983,63.53333333333367,0.0,0.0,0.0,0.0,0.0,0.0,0.0,0.0,0.0,0.0
2017-08-06,10.2,0.0,261.83333333333286,2.2666666666666684,18.166666666666654,65.73333333333365,0.0,0.0,0.0,0.0,0.0,0.0,0.0,0.0,0.0,0.0
2017-08-13,8.6,0.0,220.4333333333329,1.7666666666666686,16.06666666666666,81.23333333333365,0.0,0.0,0.0,0.0,0.0,0.0,0.0,0.0,0.0,0.0
2017-08-20,9.2,0.0,241.29999999999959,1.9666666666666686,17.233333333333327,73.06666666666698,0.0,0.0,0.0,0.0,0.0,0.0,0.0,0.0,0.0,0.0
2017-08-27,8.6,0.6666666666666666,218.23333333333287,1.7333333333333354,17.666666666666664,69.83333333333367,0.0,0.0,0.0,0.0,0.0,0.0,0.0,0.0,0.0,0.0
2017-09-03,6.8,1.0,318.9999999999996,1.3000000000000027,13.533333333333337,76.33333333333367,1.0,0.0,0.0,1.0,0.0,0.0,0.0,0.0,0.0,0.0
2017-09-10,6.0,1.3333333333333333,203.46666666666633,2.333333333333336,14.266666666666667,75.56666666666702,0.0,0.0,0.0,0.0,0.0,0.0,0.0,0.0,0.0,0.0
2017-09-17,7.0,0.6666666666666666,227.7999999999997,1.5000000000000042,11.266666666666667,75.30000000000031,0.0,0.0,0.0,0.0,0.0,0.0,0.0,0.0,0.0,0.0
2017-09-24,9.0,1.0,238.533333333333,0.7333333333333375,12.23333333333334,81.30000000000031,2.0,0.0,0.0,1.0,0.0,0.0,0.0,0.0,0.0,0.0
2017-10-01,10.0,1.3333333333333333,142.56666666666638,1.9333333333333378,13.73333333333334,74.23333333333359,0.0,0.0,0.0,0.0,0.0,0.0,0.0,0.0,0.0,0.0
2017-10-08,11.6,1.6666666666666667,269.0999999999997,3.1000000000000036,9.800000000000002,83.13333333333362,2.0,0.0,1.0,1.0,0.0,0.0,0.0,0.0,0.0,0.0
2017-10-15,12.6,2.0,235.36666666666636,2.0333333333333368,13.700000000000003,78.83333333333363,1.0,0.0,0.0,0.0,0.0,0.0,0.0,0.0,0.0,0.0
2017-10-22,14.8,2.0,192.19999999999973,1.7000000000000035,11.433333333333332,83.43333333333364,1.0,0.0,1.0,0.0,0.0,0.0,0.0,0.0,0.0,0.0
2017-10-29,14.8,2.0,282.43333333333305,4.333333333333337,9.199999999999994,80.36666666666697,1.0,0.0,0.0,1.0,0.0,0.0,0.0,0.0,0.0,0.0
2017-11-05,15.6,1.3333333333333333,215.2999999999998,1.6666666666666714,8.133333333333331,84.23333333333368,1.0,0.0,0.0,1.0,0.0,0.0,0.0,0.0,0.0,0.0
2017-11-12,13.6,2.0,244.6999999999999,2.6333333333333377,5.266666666666667,85.56666666666702,1.0,0.0,0.0,0.0,0.0,0.0,0.0,0.0,1.0,0.0
2017-11-19,17.0,2.0,256.43333333333334,3.0333333333333385,4.266666666666667,81.33333333333364,2.0,0.0,0.0,0.0,0.0,0.0,0.0,1.0,1.0,0.0
2017-11-26,14.4,2.0,260.3333333333333,1.8666666666666731,5.299999999999998,86.40000000000032,0.0,0.0,0.0,0.0,0.0,0.0,0.0,0.0,0.0,0.0
2017-12-03,16.0,3.0,254.83333333333334,1.53333333333334,0.866666666666665,88.23333333333368,5.0,0.0,0.0,0.0,0.0,0.0,0.0,0.0,2.0,0.0
2017-12-10,16.2,6.333333333333333,218.83333333333334,2.8333333333333397,1.466666666666666,82.66666666666698,5.0,0.0,1.0,0.0,0.0,0.0,0.0,1.0,0.0,0.0
2017-12-17,18.4,10.666666666666666,254.99999999999991,1.6000000000000056,1.3666666666666643,88.36666666666694,7.0,1.0,0.0,1.0,0.0,1.0,0.0,0.0,0.0,0.0
2017-12-24,18.8,15.0,270.8666666666666,3.8000000000000065,7.166666666666663,83.20000000000024,7.0,0.0,1.0,0.0,0.0,1.0,1.0,0.0,0.0,0.0
2018-01-07,20.6,22.666666666666668,177.1333333333333,2.266666666666674,3.9333333333333313,77.66666666666693,23.0,0.0,1.0,0.0,1.0,2.0,2.0,1.0,9.0,0.0
2018-01-14,21.2,53.0,103.8,2.5333333333333408,0.09999999999999816,79.03333333333359,47.0,2.0,4.0,2.0,1.0,4.0,0.0,7.0,8.0,0.0
2018-01-21,30.4,108.66666666666667,165.26666666666665,0.9333333333333397,0.8666666666666649,88.43333333333364,88.0,1.0,3.0,9.0,5.0,19.0,6.0,14.0,5.0,0.0
2018-01-28,43.2,97.33333333333333,245.53333333333333,1.966666666666673,6.266666666666665,88.13333333333362,400.0,20.0,10.0,24.0,32.0,50.0,15.0,32.0,56.0,0.0
